name,orgCode,orgCategory,orgCategoryDescription,businessUnit,hireDate,traderId
Cassady Spence,PBCS-69,PBCS,Private Banking - Client Services,PB,Thu Apr 29 03:19:48 MDT 2010,TRD0050001
Alice Lindsey,PBCS-45,PBCS,Private Banking - Client Services,PB,Tue Jan 12 10:46:23 MST 2010,TRD0050002
Ashely Wyatt,PBCS-79,PBCS,Private Banking - Client Services,PB,Thu Jun 27 16:23:36 MDT 2013,TRD0050003
Callie Flowers,PBCS-77,PBCS,Private Banking - Client Services,PB,Fri Aug 10 06:23:18 MDT 2007,TRD0050004
Thor Harper,PBCS-65,PBCS,Private Banking - Client Services,PB,Mon Jan 22 08:37:49 MST 2007,TRD0050005
Maryam Fry,PBCS-66,PBCS,Private Banking - Client Services,PB,Mon Apr 13 20:40:12 MDT 2015,TRD0050006
Otto Baldwin,PBCS-65,PBCS,Private Banking - Client Services,PB,Mon Mar 02 05:09:39 MST 2009,TRD0050007
Gemma Boyle,PBCS-65,PBCS,Private Banking - Client Services,PB,Sat Jan 10 02:40:54 MST 2009,TRD0050008
Uma Olsen,PBCS-69,PBCS,Private Banking - Client Services,PB,Wed Feb 08 15:15:10 MST 2012,TRD0050009
Knox Cleveland,PBCS-68,PBCS,Private Banking - Client Services,PB,Sat Oct 13 17:05:53 MDT 2012,TRD0050010
Claire Pope,PBCS-78,PBCS,Private Banking - Client Services,PB,Wed Mar 08 23:52:08 MST 2006,TRD0050011
Igor Juarez,PBCS-69,PBCS,Private Banking - Client Services,PB,Sat Jan 27 00:36:58 MST 2007,TRD0050012
Jasmine Castaneda,PBCS-69,PBCS,Private Banking - Client Services,PB,Tue Apr 13 13:21:30 MDT 2010,TRD0050013
Silas Jordan,PBCS-43,PBCS,Private Banking - Client Services,PB,Sun Mar 28 23:44:23 MDT 2010,TRD0050014
Susan Beck,PBCS-66,PBCS,Private Banking - Client Services,PB,Sun Jul 13 01:34:01 MDT 2014,TRD0050015
Jin Marshall,PBCS-76,PBCS,Private Banking - Client Services,PB,Fri Apr 12 03:08:00 MDT 2013,TRD0050016
Lisandra Osborne,PBCS-78,PBCS,Private Banking - Client Services,PB,Thu Jul 20 18:55:50 MDT 2006,TRD0050017
Hilda Bernard,PBCS-46,PBCS,Private Banking - Client Services,PB,Wed Jun 22 02:39:15 MDT 2005,TRD0050018
Mohammad Stokes,PBCS-76,PBCS,Private Banking - Client Services,PB,Mon Aug 12 10:24:59 MDT 2013,TRD0050019
Acton Skinner,PBCS-76,PBCS,Private Banking - Client Services,PB,Wed Nov 21 21:58:49 MST 2007,TRD0050020
Carlos Weaver,PBCS-46,PBCS,Private Banking - Client Services,PB,Sun Dec 05 07:58:50 MST 2010,TRD0050021
Tucker Kidd,PBCS-46,PBCS,Private Banking - Client Services,PB,Fri Apr 25 07:17:30 MDT 2014,TRD0050022
Noel Scott,PBCS-44,PBCS,Private Banking - Client Services,PB,Tue Jul 08 19:14:08 MDT 2008,TRD0050023
Desiree Pearson,PBCS-67,PBCS,Private Banking - Client Services,PB,Thu Sep 22 00:57:20 MDT 2011,TRD0050024
Kaseem Stout,PBCS-90,PBCS,Private Banking - Client Services,PB,Tue Jun 05 10:02:16 MDT 2012,TRD0050025
Marah Mercer,PBCS-46,PBCS,Private Banking - Client Services,PB,Wed Mar 12 11:10:30 MDT 2008,TRD0050026
Margaret Rocha,PBCS-66,PBCS,Private Banking - Client Services,PB,Wed Jan 28 01:09:30 MST 2015,TRD0050027
Callum Griffin,PBCS-45,PBCS,Private Banking - Client Services,PB,Fri Oct 28 06:23:10 MDT 2005,TRD0050028
Basil Day,PBCS-43,PBCS,Private Banking - Client Services,PB,Sun Oct 30 11:01:45 MST 2005,TRD0050029
Molly Hyde,PBCS-67,PBCS,Private Banking - Client Services,PB,Sat Jul 29 22:43:17 MDT 2006,TRD0050030
Vladimir Gilbert,PBCS-46,PBCS,Private Banking - Client Services,PB,Tue Dec 06 22:42:58 MST 2005,TRD0050031
Jescie Davenport,PBCS,PBCS,Private Banking - Client Services,PB,Sat Sep 08 18:15:49 MDT 2012,TRD0050032
Troy Madden,PBCS-46,PBCS,Private Banking - Client Services,PB,Mon Dec 05 09:48:26 MST 2011,TRD0050033
Margaret Dillard,PBCS-76,PBCS,Private Banking - Client Services,PB,Fri Jul 11 18:28:41 MDT 2014,TRD0050034
Harper Salas,PBCS-68,PBCS,Private Banking - Client Services,PB,Mon Apr 17 11:47:47 MDT 2006,TRD0050035
Kelsie Gamble,PBCS-69,PBCS,Private Banking - Client Services,PB,Sun Dec 02 01:02:08 MST 2012,TRD0050036
Kasper Cannon,PBCS-44,PBCS,Private Banking - Client Services,PB,Fri Nov 25 15:32:29 MST 2011,TRD0050037
Mari Turner,PBCS-90,PBCS,Private Banking - Client Services,PB,Sat Feb 14 21:14:42 MST 2009,TRD0050038
Charissa Chambers,PBCS-43,PBCS,Private Banking - Client Services,PB,Thu Jul 13 13:38:28 MDT 2006,TRD0050039
Patience Dennis,PBCS-65,PBCS,Private Banking - Client Services,PB,Mon Aug 22 08:36:09 MDT 2011,TRD0050040
Echo Farrell,PBCS-90,PBCS,Private Banking - Client Services,PB,Wed Feb 08 21:19:00 MST 2012,TRD0050041
Juliet Santana,PBCS-66,PBCS,Private Banking - Client Services,PB,Fri Jun 06 06:09:13 MDT 2014,TRD0050042
Noelle Schultz,PBCS-45,PBCS,Private Banking - Client Services,PB,Tue May 20 10:33:12 MDT 2014,TRD0050043
Shea Clayton,PBCS-43,PBCS,Private Banking - Client Services,PB,Sat May 02 02:54:31 MDT 2009,TRD0050044
Desirae Boyle,PBCS-44,PBCS,Private Banking - Client Services,PB,Wed May 30 05:15:08 MDT 2007,TRD0050045
Cameron Russell,PBCS-78,PBCS,Private Banking - Client Services,PB,Wed Apr 28 09:30:58 MDT 2010,TRD0050046
Libby Wall,PBCS-68,PBCS,Private Banking - Client Services,PB,Tue Jun 19 13:00:13 MDT 2007,TRD0050047
Belle Bowman,PBCS-68,PBCS,Private Banking - Client Services,PB,Sat Apr 13 03:11:48 MDT 2013,TRD0050048
Elliott Kirk,PBCS-77,PBCS,Private Banking - Client Services,PB,Thu Mar 15 06:21:18 MDT 2012,TRD0050049
Derek Mcintosh,PBCS-69,PBCS,Private Banking - Client Services,PB,Tue Mar 01 14:44:23 MST 2011,TRD0050050
Zenia Carr,PBCS-90,PBCS,Private Banking - Client Services,PB,Tue Oct 30 00:17:25 MDT 2007,TRD0050051
Roanna Franks,PBCS-66,PBCS,Private Banking - Client Services,PB,Sun Mar 14 12:04:03 MDT 2010,TRD0050052
Mannix Giles,PBCS,PBCS,Private Banking - Client Services,PB,Tue Dec 30 12:30:55 MST 2008,TRD0050053
Uma Peters,PBCS-78,PBCS,Private Banking - Client Services,PB,Sat Jul 16 17:38:57 MDT 2011,TRD0050054
Hayfa Conway,PBCS-45,PBCS,Private Banking - Client Services,PB,Sat Nov 26 07:58:14 MST 2005,TRD0050055
Amal Morales,PBCS-67,PBCS,Private Banking - Client Services,PB,Wed Aug 28 09:15:03 MDT 2013,TRD0050056
Ezra Deleon,PBCS-77,PBCS,Private Banking - Client Services,PB,Thu Oct 18 06:51:40 MDT 2007,TRD0050057
Sydney Avila,PBCS-78,PBCS,Private Banking - Client Services,PB,Fri Dec 25 04:02:01 MST 2009,TRD0050058
Tanya Noble,PBCS-43,PBCS,Private Banking - Client Services,PB,Fri May 18 16:58:30 MDT 2012,TRD0050059
Belle Acosta,PBCS-45,PBCS,Private Banking - Client Services,PB,Mon May 07 19:30:25 MDT 2007,TRD0050060
Wing Meyers,PBCS-76,PBCS,Private Banking - Client Services,PB,Thu Jan 15 22:57:57 MST 2009,TRD0050061
Tad Osborn,PBCS-90,PBCS,Private Banking - Client Services,PB,Tue Sep 04 14:12:44 MDT 2007,TRD0050062
Kaye Cleveland,PBCS-43,PBCS,Private Banking - Client Services,PB,Sun Sep 11 01:27:48 MDT 2005,TRD0050063
Stone Black,PBCS-45,PBCS,Private Banking - Client Services,PB,Thu Oct 09 21:41:32 MDT 2008,TRD0050064
Mercedes Jimenez,PBCS-78,PBCS,Private Banking - Client Services,PB,Sun Nov 03 00:38:55 MDT 2013,TRD0050065
Isadora Mccall,PBCS-78,PBCS,Private Banking - Client Services,PB,Tue Jun 01 22:02:35 MDT 2010,TRD0050066
Ayanna Mccarthy,PBCS-45,PBCS,Private Banking - Client Services,PB,Sun Feb 26 17:39:56 MST 2012,TRD0050067
Ulysses Kelly,PBCS-69,PBCS,Private Banking - Client Services,PB,Mon Oct 27 17:00:22 MDT 2008,TRD0050068
Keelie Calhoun,PBCS-90,PBCS,Private Banking - Client Services,PB,Sat Jun 16 08:15:56 MDT 2007,TRD0050069
Emerson Serrano,PBCS,PBCS,Private Banking - Client Services,PB,Wed Oct 01 08:45:54 MDT 2008,TRD0050070
Calista Taylor,PBCS-44,PBCS,Private Banking - Client Services,PB,Sat Sep 10 05:47:28 MDT 2005,TRD0050071
Micah Becker,PBCS-79,PBCS,Private Banking - Client Services,PB,Tue Aug 26 14:11:59 MDT 2008,TRD0050072
Carolyn Rivers,PBCS-66,PBCS,Private Banking - Client Services,PB,Tue Mar 24 20:46:16 MDT 2009,TRD0050073
Jane Young,PBCS-46,PBCS,Private Banking - Client Services,PB,Tue Apr 28 05:50:25 MDT 2009,TRD0050074
Rhonda Garner,PBCS-78,PBCS,Private Banking - Client Services,PB,Mon Oct 22 19:15:05 MDT 2012,TRD0050075
Clio Barton,PBCS-68,PBCS,Private Banking - Client Services,PB,Mon Aug 02 16:25:42 MDT 2010,TRD0050076
Amity Hughes,PBCS-43,PBCS,Private Banking - Client Services,PB,Tue Sep 07 17:59:45 MDT 2010,TRD0050077
Sandra Dickson,PBCS-67,PBCS,Private Banking - Client Services,PB,Sat May 04 07:52:17 MDT 2013,TRD0050078
Leigh Bauer,PBCS-45,PBCS,Private Banking - Client Services,PB,Thu Jun 16 13:24:55 MDT 2011,TRD0050079
Caleb Marshall,PBCS-66,PBCS,Private Banking - Client Services,PB,Mon Nov 28 04:09:53 MST 2011,TRD0050080
Gary Duke,PBCS-45,PBCS,Private Banking - Client Services,PB,Sat Dec 28 19:12:02 MST 2013,TRD0050081
Callum Barnett,PBCS-76,PBCS,Private Banking - Client Services,PB,Tue Feb 21 00:14:22 MST 2006,TRD0050082
Joshua Moody,PBCS-66,PBCS,Private Banking - Client Services,PB,Thu Oct 21 11:17:31 MDT 2010,TRD0050083
Tanner Patterson,PBCS-67,PBCS,Private Banking - Client Services,PB,Tue Aug 16 06:26:21 MDT 2011,TRD0050084
Urielle Gregory,PBCS-76,PBCS,Private Banking - Client Services,PB,Sun Jun 27 21:23:04 MDT 2010,TRD0050085
Gillian Boyle,PBCS-46,PBCS,Private Banking - Client Services,PB,Sat Aug 16 00:44:47 MDT 2008,TRD0050086
Dante Sears,PBCS-67,PBCS,Private Banking - Client Services,PB,Tue Aug 09 03:34:12 MDT 2011,TRD0050087
Emi Underwood,PBCS-44,PBCS,Private Banking - Client Services,PB,Wed Jun 16 08:32:18 MDT 2010,TRD0050088
Iola Alford,PBCS-76,PBCS,Private Banking - Client Services,PB,Tue Feb 19 22:42:53 MST 2008,TRD0050089
Hillary Whitley,PBCS-66,PBCS,Private Banking - Client Services,PB,Sun Jul 14 03:18:48 MDT 2013,TRD0050090
Duncan Frederick,PBCS-67,PBCS,Private Banking - Client Services,PB,Tue Oct 30 16:44:18 MDT 2012,TRD0050091
Wesley Pruitt,PBCS,PBCS,Private Banking - Client Services,PB,Mon Aug 11 03:15:49 MDT 2014,TRD0050092
Aidan Sawyer,PBCS-43,PBCS,Private Banking - Client Services,PB,Fri Jan 15 17:45:39 MST 2010,TRD0050093
Kimberly Moody,PBCS-77,PBCS,Private Banking - Client Services,PB,Sat Sep 24 16:19:07 MDT 2011,TRD0050094
Brittany Small,PBCS-77,PBCS,Private Banking - Client Services,PB,Tue Jul 23 19:51:55 MDT 2013,TRD0050095
Blaine Whitehead,PBCS-44,PBCS,Private Banking - Client Services,PB,Wed Nov 17 11:41:16 MST 2010,TRD0050096
Keiko Carney,PBCS-67,PBCS,Private Banking - Client Services,PB,Mon Jun 05 10:15:03 MDT 2006,TRD0050097
Todd Beasley,PBCS-67,PBCS,Private Banking - Client Services,PB,Fri Jun 24 14:26:52 MDT 2005,TRD0050098
Jared Richards,PBCS-65,PBCS,Private Banking - Client Services,PB,Thu Jan 22 20:47:11 MST 2009,TRD0050099
Yen Holland,PBCS-78,PBCS,Private Banking - Client Services,PB,Tue Sep 29 13:40:53 MDT 2009,TRD0050100
Tatum Dixon,PBCS-45,PBCS,Private Banking - Client Services,PB,Mon Mar 15 07:36:49 MDT 2010,TRD0050101
Arsenio Wiggins,PBCS-46,PBCS,Private Banking - Client Services,PB,Wed Jan 16 16:56:24 MST 2013,TRD0050102
Abraham Beasley,PBCS,PBCS,Private Banking - Client Services,PB,Wed Feb 10 10:39:54 MST 2010,TRD0050103
Wallace Cotton,PBCS-46,PBCS,Private Banking - Client Services,PB,Thu May 05 10:37:25 MDT 2011,TRD0050104
Dominique Martin,PBCS-76,PBCS,Private Banking - Client Services,PB,Tue Aug 14 03:31:44 MDT 2007,TRD0050105
Hoyt Castro,PBCS-43,PBCS,Private Banking - Client Services,PB,Wed Jan 25 06:23:01 MST 2006,TRD0050106
Joy Cardenas,PBCS-45,PBCS,Private Banking - Client Services,PB,Wed Jul 09 18:11:02 MDT 2014,TRD0050107
Jack Head,PBCS-90,PBCS,Private Banking - Client Services,PB,Thu Dec 30 06:58:43 MST 2010,TRD0050108
Britanney Malone,PBCS-45,PBCS,Private Banking - Client Services,PB,Sun Jun 06 16:38:39 MDT 2010,TRD0050109
Abbot Lindsey,PBCS-77,PBCS,Private Banking - Client Services,PB,Fri Dec 28 10:02:13 MST 2012,TRD0050110
Dora Johns,PBCS-67,PBCS,Private Banking - Client Services,PB,Fri Oct 29 06:23:09 MDT 2010,TRD0050111
Kalia Lancaster,PBCS-67,PBCS,Private Banking - Client Services,PB,Fri Aug 05 09:45:00 MDT 2005,TRD0050112
Bruce Robinson,PBCS-46,PBCS,Private Banking - Client Services,PB,Mon Jun 09 18:20:55 MDT 2008,TRD0050113
Calvin Day,PBCS,PBCS,Private Banking - Client Services,PB,Sat Jan 10 08:48:01 MST 2009,TRD0050114
Inga Porter,PBCS-43,PBCS,Private Banking - Client Services,PB,Fri Mar 13 13:05:53 MDT 2009,TRD0050115
Erica Hawkins,PBCS-66,PBCS,Private Banking - Client Services,PB,Tue Feb 05 08:55:10 MST 2008,TRD0050116
Neve Kim,PBCS-79,PBCS,Private Banking - Client Services,PB,Fri Jun 01 01:13:23 MDT 2012,TRD0050117
Thomas Hansen,PBCS-43,PBCS,Private Banking - Client Services,PB,Tue Jan 04 08:11:08 MST 2011,TRD0050118
Shannon Lucas,PBCS-45,PBCS,Private Banking - Client Services,PB,Fri Mar 15 08:20:45 MDT 2013,TRD0050119
April Cox,PBCS-90,PBCS,Private Banking - Client Services,PB,Sat May 27 17:02:08 MDT 2006,TRD0050120
Oren Rose,PBCS-79,PBCS,Private Banking - Client Services,PB,Wed Nov 12 13:09:36 MST 2008,TRD0050121
Alea Meadows,PBCS-45,PBCS,Private Banking - Client Services,PB,Thu Apr 03 20:25:49 MDT 2008,TRD0050122
Linus Solis,PBCS-65,PBCS,Private Banking - Client Services,PB,Sun Dec 18 10:43:03 MST 2011,TRD0050123
Dawn Blackwell,PBCS-76,PBCS,Private Banking - Client Services,PB,Wed Jun 11 08:42:06 MDT 2008,TRD0050124
Orson Wynn,PBCS-46,PBCS,Private Banking - Client Services,PB,Thu Apr 13 20:11:40 MDT 2006,TRD0050125
Grace Randall,PBCS-67,PBCS,Private Banking - Client Services,PB,Fri Jun 15 14:00:26 MDT 2007,TRD0050126
Sigourney Conley,PBCS-46,PBCS,Private Banking - Client Services,PB,Fri Mar 22 10:15:32 MDT 2013,TRD0050127
Leo Morrison,PBCS-77,PBCS,Private Banking - Client Services,PB,Thu Sep 29 18:39:47 MDT 2005,TRD0050128
Rooney Holman,PBCS-78,PBCS,Private Banking - Client Services,PB,Mon May 19 21:28:03 MDT 2008,TRD0050129
Evelyn Carr,PBCS-67,PBCS,Private Banking - Client Services,PB,Tue Jan 15 00:53:18 MST 2008,TRD0050130
Graham Dunn,PBCS,PBCS,Private Banking - Client Services,PB,Fri Sep 12 13:17:54 MDT 2014,TRD0050131
Quinlan Sellers,PBCS-69,PBCS,Private Banking - Client Services,PB,Sat Jan 23 14:39:13 MST 2010,TRD0050132
Roary Snider,PBCS-43,PBCS,Private Banking - Client Services,PB,Sat May 10 02:26:56 MDT 2008,TRD0050133
Kylie Dale,PBCS-79,PBCS,Private Banking - Client Services,PB,Sun May 13 05:47:01 MDT 2007,TRD0050134
Courtney Tyler,PBCS,PBCS,Private Banking - Client Services,PB,Mon Oct 04 03:48:02 MDT 2010,TRD0050135
Basia Mercer,PBCS-77,PBCS,Private Banking - Client Services,PB,Thu Feb 26 14:05:38 MST 2015,TRD0050136
Todd Duke,PBCS-45,PBCS,Private Banking - Client Services,PB,Sun May 11 03:23:54 MDT 2008,TRD0050137
Regan Strickland,PBCS-67,PBCS,Private Banking - Client Services,PB,Tue Nov 08 05:00:36 MST 2005,TRD0050138
Guy Bolton,PBCS-46,PBCS,Private Banking - Client Services,PB,Wed Apr 23 08:35:46 MDT 2014,TRD0050139
Jared Downs,PBCS-44,PBCS,Private Banking - Client Services,PB,Wed Nov 15 16:46:01 MST 2006,TRD0050140
Ursa Barber,PBCS-46,PBCS,Private Banking - Client Services,PB,Tue Jul 06 06:47:50 MDT 2010,TRD0050141
Philip Odom,WMCS-76,WMCS,Wealth Management - Client Services,WM,Thu Jun 13 13:37:18 MDT 2013,TRD0050142
Molly Dickson,WMCS-67,WMCS,Wealth Management - Client Services,WM,Wed Oct 21 06:03:27 MDT 2009,TRD0050143
Bradley Cooper,WMCS-68,WMCS,Wealth Management - Client Services,WM,Mon Dec 26 18:52:49 MST 2011,TRD0050144
Sheila Parrish,WMCS-46,WMCS,Wealth Management - Client Services,WM,Sat Feb 18 02:36:59 MST 2006,TRD0050145
Karina Fernandez,WMCS-90,WMCS,Wealth Management - Client Services,WM,Sat Apr 19 01:28:19 MDT 2008,TRD0050146
Joseph Weaver,WMCS-43,WMCS,Wealth Management - Client Services,WM,Tue Apr 11 23:27:23 MDT 2006,TRD0050147
Justine Blair,WMCS-67,WMCS,Wealth Management - Client Services,WM,Wed Jun 06 00:33:50 MDT 2007,TRD0050148
Keane Shepherd,WMCS-77,WMCS,Wealth Management - Client Services,WM,Sun May 03 06:43:01 MDT 2009,TRD0050149
Amethyst Bonner,WMCS-66,WMCS,Wealth Management - Client Services,WM,Sun Oct 07 23:40:23 MDT 2012,TRD0050150
Nathan Hahn,WMCS-69,WMCS,Wealth Management - Client Services,WM,Sun May 26 13:46:02 MDT 2013,TRD0050151
Dacey Hartman,WMCS-78,WMCS,Wealth Management - Client Services,WM,Sun Apr 10 16:06:05 MDT 2011,TRD0050152
Ursa Vaughn,WMCS,WMCS,Wealth Management - Client Services,WM,Fri Apr 17 17:49:54 MDT 2015,TRD0050153
Signe Boyer,WMCS-43,WMCS,Wealth Management - Client Services,WM,Sat May 22 23:35:08 MDT 2010,TRD0050154
Stewart Arnold,WMCS-90,WMCS,Wealth Management - Client Services,WM,Thu Aug 26 00:31:04 MDT 2010,TRD0050155
Gareth Greene,WMCS-77,WMCS,Wealth Management - Client Services,WM,Mon Feb 17 13:38:10 MST 2014,TRD0050156
Colleen Massey,WMCS-76,WMCS,Wealth Management - Client Services,WM,Thu Oct 09 00:23:17 MDT 2008,TRD0050157
Chloe Ware,WMCS-78,WMCS,Wealth Management - Client Services,WM,Tue Nov 16 22:16:28 MST 2010,TRD0050158
Sloane Peters,WMCS-90,WMCS,Wealth Management - Client Services,WM,Sat May 31 16:03:26 MDT 2014,TRD0050159
Noelle Justice,WMCS-67,WMCS,Wealth Management - Client Services,WM,Tue Nov 13 03:54:27 MST 2007,TRD0050160
Ruby Fleming,WMCS-65,WMCS,Wealth Management - Client Services,WM,Sun Aug 16 03:15:05 MDT 2009,TRD0050161
Demetria Nash,WMCS-43,WMCS,Wealth Management - Client Services,WM,Mon Feb 10 15:49:45 MST 2014,TRD0050162
Destiny Small,WMCS-76,WMCS,Wealth Management - Client Services,WM,Wed Jan 02 17:09:36 MST 2008,TRD0050163
Eagan Fernandez,WMCS-46,WMCS,Wealth Management - Client Services,WM,Tue Mar 06 09:32:38 MST 2007,TRD0050164
Rogan Rivers,WMCS-44,WMCS,Wealth Management - Client Services,WM,Sun Jun 09 03:01:29 MDT 2013,TRD0050165
Dean Riddle,WMCS-90,WMCS,Wealth Management - Client Services,WM,Fri Nov 18 04:51:43 MST 2005,TRD0050166
Hillary Stewart,WMCS-66,WMCS,Wealth Management - Client Services,WM,Thu Mar 02 21:16:22 MST 2006,TRD0050167
Sierra Cortez,WMCS-66,WMCS,Wealth Management - Client Services,WM,Fri May 15 15:42:02 MDT 2009,TRD0050168
Benjamin Santiago,WMCS,WMCS,Wealth Management - Client Services,WM,Sun Dec 04 01:59:29 MST 2011,TRD0050169
Donna Noel,WMCS-78,WMCS,Wealth Management - Client Services,WM,Sun Jul 16 02:15:54 MDT 2006,TRD0050170
Kaseem Bishop,WMCS-67,WMCS,Wealth Management - Client Services,WM,Sat Oct 06 03:02:23 MDT 2012,TRD0050171
Hiram Pruitt,WMCS-67,WMCS,Wealth Management - Client Services,WM,Tue Mar 10 16:28:56 MDT 2009,TRD0050172
Kirsten Tran,WMCS-79,WMCS,Wealth Management - Client Services,WM,Fri Sep 05 02:37:35 MDT 2014,TRD0050173
Andrew Francis,WMCS-77,WMCS,Wealth Management - Client Services,WM,Mon Nov 06 15:33:50 MST 2006,TRD0050174
Nola Fischer,WMCS-78,WMCS,Wealth Management - Client Services,WM,Thu Jul 05 08:12:49 MDT 2012,TRD0050175
Keith Witt,WMCS-46,WMCS,Wealth Management - Client Services,WM,Thu May 05 09:03:03 MDT 2005,TRD0050176
Florence Lewis,WMCS-44,WMCS,Wealth Management - Client Services,WM,Tue Aug 01 17:49:09 MDT 2006,TRD0050177
Nyssa Quinn,WMCS-90,WMCS,Wealth Management - Client Services,WM,Fri Sep 09 13:44:54 MDT 2005,TRD0050178
Calvin Berger,WMCS,WMCS,Wealth Management - Client Services,WM,Mon Feb 08 11:43:58 MST 2010,TRD0050179
Scarlett Carey,WMCS-79,WMCS,Wealth Management - Client Services,WM,Sun Jul 14 09:57:55 MDT 2013,TRD0050180
Wynne Burks,WMCS-77,WMCS,Wealth Management - Client Services,WM,Tue Jul 22 00:55:08 MDT 2008,TRD0050181
Irene Montgomery,WMCS-46,WMCS,Wealth Management - Client Services,WM,Thu Aug 31 08:59:40 MDT 2006,TRD0050182
Oprah Dunn,WMCS-66,WMCS,Wealth Management - Client Services,WM,Sat Oct 01 01:33:17 MDT 2005,TRD0050183
Judah Cunningham,WMCS-79,WMCS,Wealth Management - Client Services,WM,Wed Aug 06 19:41:05 MDT 2008,TRD0050184
Tatyana Barry,WMCS-78,WMCS,Wealth Management - Client Services,WM,Tue Dec 21 23:56:56 MST 2010,TRD0050185
Xavier Jensen,WMCS-78,WMCS,Wealth Management - Client Services,WM,Sat Oct 26 11:06:25 MDT 2013,TRD0050186
Juliet Rivera,WMCS-66,WMCS,Wealth Management - Client Services,WM,Mon Nov 08 23:42:18 MST 2010,TRD0050187
Maxine Carlson,WMCS-90,WMCS,Wealth Management - Client Services,WM,Fri Jan 16 21:28:20 MST 2009,TRD0050188
Ryder Young,WMCS-79,WMCS,Wealth Management - Client Services,WM,Thu Jan 05 17:23:35 MST 2006,TRD0050189
Dale Nelson,WMCS-45,WMCS,Wealth Management - Client Services,WM,Wed Aug 21 04:02:06 MDT 2013,TRD0050190
Noah Contreras,WMCS-46,WMCS,Wealth Management - Client Services,WM,Sat Nov 16 21:04:28 MST 2013,TRD0050191
Velma Olsen,WMCS-43,WMCS,Wealth Management - Client Services,WM,Wed Feb 01 12:24:24 MST 2006,TRD0050192
Ruth Lowery,WMCS-69,WMCS,Wealth Management - Client Services,WM,Thu Aug 18 05:34:15 MDT 2011,TRD0050193
Avram Emerson,WMCS-66,WMCS,Wealth Management - Client Services,WM,Sat Apr 02 10:49:15 MDT 2011,TRD0050194
Lillian Henson,WMCS-67,WMCS,Wealth Management - Client Services,WM,Wed Nov 11 05:24:28 MST 2009,TRD0050195
Amena Glass,WMCS-46,WMCS,Wealth Management - Client Services,WM,Fri Dec 28 17:39:27 MST 2012,TRD0050196
Priscilla Suarez,WMCS-67,WMCS,Wealth Management - Client Services,WM,Sun Jun 17 12:00:04 MDT 2007,TRD0050197
Jerome Cabrera,WMCS-44,WMCS,Wealth Management - Client Services,WM,Thu Feb 08 08:19:53 MST 2007,TRD0050198
Hyacinth Sparks,WMCS-67,WMCS,Wealth Management - Client Services,WM,Thu Sep 25 21:58:04 MDT 2008,TRD0050199
Kaye Hester,WMCS-78,WMCS,Wealth Management - Client Services,WM,Mon Jul 12 13:19:54 MDT 2010,TRD0050200
Kenneth Delacruz,WMCS-79,WMCS,Wealth Management - Client Services,WM,Sun Jun 04 02:40:18 MDT 2006,TRD0050201
Zoe Mathis,WMCS-77,WMCS,Wealth Management - Client Services,WM,Wed Nov 06 15:18:21 MST 2013,TRD0050202
Michael Cohen,WMCS-68,WMCS,Wealth Management - Client Services,WM,Mon Mar 10 20:40:15 MDT 2008,TRD0050203
Patrick Bartlett,WMCS-77,WMCS,Wealth Management - Client Services,WM,Wed Oct 01 07:28:45 MDT 2014,TRD0050204
Scarlett Johnson,WMCS-69,WMCS,Wealth Management - Client Services,WM,Sun Oct 01 07:06:17 MDT 2006,TRD0050205
Merrill Potter,WMCS-45,WMCS,Wealth Management - Client Services,WM,Fri Jun 01 09:09:55 MDT 2012,TRD0050206
Alexandra Mcdonald,WMCS-77,WMCS,Wealth Management - Client Services,WM,Tue May 13 06:33:12 MDT 2008,TRD0050207
Lev Kirkland,WMCS-77,WMCS,Wealth Management - Client Services,WM,Wed Aug 11 22:08:56 MDT 2010,TRD0050208
Mohammad Klein,WMCS-67,WMCS,Wealth Management - Client Services,WM,Thu Jan 19 19:34:06 MST 2012,TRD0050209
Theodore Gill,WMCS-67,WMCS,Wealth Management - Client Services,WM,Sat Oct 03 17:48:25 MDT 2009,TRD0050210
Imelda Landry,WMCS-44,WMCS,Wealth Management - Client Services,WM,Wed Aug 09 00:35:40 MDT 2006,TRD0050211
Galvin Bush,WMCS-78,WMCS,Wealth Management - Client Services,WM,Fri Apr 20 05:12:04 MDT 2007,TRD0050212
Gay Gray,WMCS-44,WMCS,Wealth Management - Client Services,WM,Mon Oct 16 08:19:52 MDT 2006,TRD0050213
Gloria Patton,WMCS-46,WMCS,Wealth Management - Client Services,WM,Wed Oct 03 14:15:07 MDT 2012,TRD0050214
August Booker,WMCS-67,WMCS,Wealth Management - Client Services,WM,Sun Aug 02 07:27:08 MDT 2009,TRD0050215
Lilah Collier,WMCS-68,WMCS,Wealth Management - Client Services,WM,Wed Jul 11 23:23:53 MDT 2007,TRD0050216
Xandra Kim,WMCS-66,WMCS,Wealth Management - Client Services,WM,Sun Sep 25 00:49:18 MDT 2011,TRD0050217
Tatum Hernandez,WMCS-46,WMCS,Wealth Management - Client Services,WM,Sun Apr 29 06:47:41 MDT 2012,TRD0050218
Owen Pennington,WMCS-90,WMCS,Wealth Management - Client Services,WM,Thu Jan 10 00:46:25 MST 2008,TRD0050219
Quail Phelps,WMCS-65,WMCS,Wealth Management - Client Services,WM,Tue Mar 27 10:12:26 MDT 2012,TRD0050220
Courtney Watson,WMCS-65,WMCS,Wealth Management - Client Services,WM,Sun Mar 23 09:06:40 MDT 2008,TRD0050221
Kimberly Stewart,WMCS-66,WMCS,Wealth Management - Client Services,WM,Sun Jun 24 22:08:03 MDT 2007,TRD0050222
Barrett Porter,WMCS-44,WMCS,Wealth Management - Client Services,WM,Tue Apr 22 09:23:11 MDT 2014,TRD0050223
Clio Mccall,WMCS-69,WMCS,Wealth Management - Client Services,WM,Sun Jul 11 00:44:38 MDT 2010,TRD0050224
Zephania Reed,WMCS-67,WMCS,Wealth Management - Client Services,WM,Wed Mar 15 12:59:02 MST 2006,TRD0050225
Richard Miller,WMCS-79,WMCS,Wealth Management - Client Services,WM,Fri Jul 26 05:30:51 MDT 2013,TRD0050226
Pascale Chapman,WMCS-44,WMCS,Wealth Management - Client Services,WM,Fri Mar 25 03:37:49 MDT 2011,TRD0050227
Joy Hughes,WMCS,WMCS,Wealth Management - Client Services,WM,Wed Jun 22 17:36:34 MDT 2011,TRD0050228
Larissa Schwartz,WMCS-66,WMCS,Wealth Management - Client Services,WM,Tue Apr 07 08:41:23 MDT 2009,TRD0050229
Leonard Summers,WMCS-68,WMCS,Wealth Management - Client Services,WM,Sun Apr 21 09:57:33 MDT 2013,TRD0050230
David Fernandez,WMCS-46,WMCS,Wealth Management - Client Services,WM,Fri Dec 30 09:37:19 MST 2005,TRD0050231
Francis Bryant,WMCS-69,WMCS,Wealth Management - Client Services,WM,Tue Feb 16 12:51:47 MST 2010,TRD0050232
Moana Ayers,WMCS-76,WMCS,Wealth Management - Client Services,WM,Wed May 28 09:11:36 MDT 2014,TRD0050233
Phyllis Bryant,WMCS-68,WMCS,Wealth Management - Client Services,WM,Fri May 29 17:03:06 MDT 2009,TRD0050234
Gannon Fox,WMCS-46,WMCS,Wealth Management - Client Services,WM,Tue Feb 10 10:57:23 MST 2015,TRD0050235
Felicia Paul,WMCS-76,WMCS,Wealth Management - Client Services,WM,Fri Aug 29 04:03:35 MDT 2014,TRD0050236
Zephania Silva,WMCS-68,WMCS,Wealth Management - Client Services,WM,Fri May 28 09:42:19 MDT 2010,TRD0050237
Xavier Murphy,WMCS-78,WMCS,Wealth Management - Client Services,WM,Fri Aug 12 07:42:14 MDT 2005,TRD0050238
Ella Newman,WMCS-77,WMCS,Wealth Management - Client Services,WM,Mon May 12 18:07:12 MDT 2014,TRD0050239
Acton Jackson,WMCS-77,WMCS,Wealth Management - Client Services,WM,Wed Feb 08 19:05:10 MST 2006,TRD0050240
Whoopi Knowles,WMCS-69,WMCS,Wealth Management - Client Services,WM,Fri Nov 16 00:37:48 MST 2007,TRD0050241
Chancellor Salinas,WMCS-79,WMCS,Wealth Management - Client Services,WM,Sun Apr 09 21:51:31 MDT 2006,TRD0050242
Malachi Callahan,WMCS-79,WMCS,Wealth Management - Client Services,WM,Thu Feb 28 23:11:13 MST 2013,TRD0050243
Grady Stone,WMCS-77,WMCS,Wealth Management - Client Services,WM,Mon Jan 07 21:23:53 MST 2008,TRD0050244
Gwendolyn Mcdowell,WMCS-69,WMCS,Wealth Management - Client Services,WM,Wed Oct 08 18:40:36 MDT 2008,TRD0050245
Casey Sanders,WMCS-43,WMCS,Wealth Management - Client Services,WM,Fri Oct 01 08:41:16 MDT 2010,TRD0050246
Lane Atkins,WMCS-45,WMCS,Wealth Management - Client Services,WM,Mon Apr 24 01:59:25 MDT 2006,TRD0050247
Chase Alford,WMCS-78,WMCS,Wealth Management - Client Services,WM,Sat Mar 07 21:31:23 MST 2015,TRD0050248
Leslie Avila,WMCS-43,WMCS,Wealth Management - Client Services,WM,Wed Feb 23 16:56:19 MST 2011,TRD0050249
Ainsley Frank,WMCS-45,WMCS,Wealth Management - Client Services,WM,Mon Sep 15 11:19:01 MDT 2008,TRD0050250
Dexter Graves,WMCS-67,WMCS,Wealth Management - Client Services,WM,Tue Jun 12 07:20:22 MDT 2007,TRD0050251
Florence Gibson,WMCS-78,WMCS,Wealth Management - Client Services,WM,Mon Apr 27 17:31:09 MDT 2009,TRD0050252
Kenneth Wright,WMCS-65,WMCS,Wealth Management - Client Services,WM,Wed May 10 00:08:23 MDT 2006,TRD0050253
Kirestin Crane,WMCS-79,WMCS,Wealth Management - Client Services,WM,Mon Apr 13 00:40:04 MDT 2009,TRD0050254
Margaret Padilla,WMCS-69,WMCS,Wealth Management - Client Services,WM,Fri Oct 12 21:55:00 MDT 2012,TRD0050255
Kirestin Morales,WMCS-43,WMCS,Wealth Management - Client Services,WM,Thu Dec 05 07:35:10 MST 2013,TRD0050256
Leslie Sawyer,WMCS-67,WMCS,Wealth Management - Client Services,WM,Fri Oct 05 14:14:36 MDT 2012,TRD0050257
Amber Ferrell,WMCS-66,WMCS,Wealth Management - Client Services,WM,Mon Apr 25 10:36:53 MDT 2005,TRD0050258
Jeremy Reeves,WMCS-69,WMCS,Wealth Management - Client Services,WM,Sun Jun 26 14:00:31 MDT 2011,TRD0050259
Sybill Horne,WMCS-44,WMCS,Wealth Management - Client Services,WM,Tue Jul 15 22:50:11 MDT 2014,TRD0050260
Sydnee Graves,WMCS-65,WMCS,Wealth Management - Client Services,WM,Sat Sep 14 06:41:33 MDT 2013,TRD0050261
Ora Montoya,WMCS,WMCS,Wealth Management - Client Services,WM,Sun Aug 19 18:17:17 MDT 2007,TRD0050262
Zelenia Nielsen,WMCS-46,WMCS,Wealth Management - Client Services,WM,Mon Oct 17 20:41:44 MDT 2011,TRD0050263
Gay Ward,WMCS,WMCS,Wealth Management - Client Services,WM,Wed Jan 21 19:19:17 MST 2009,TRD0050264
Amber Hickman,WMCS-77,WMCS,Wealth Management - Client Services,WM,Fri Feb 06 23:16:52 MST 2009,TRD0050265
Julian Fuentes,WMCS,WMCS,Wealth Management - Client Services,WM,Tue Aug 10 04:48:22 MDT 2010,TRD0050266
Madison Melton,WMCS-90,WMCS,Wealth Management - Client Services,WM,Sun Oct 23 23:43:47 MDT 2005,TRD0050267
Bell Guerrero,WMCS,WMCS,Wealth Management - Client Services,WM,Sun Sep 29 08:52:45 MDT 2013,TRD0050268
Clio Vazquez,WMCS-65,WMCS,Wealth Management - Client Services,WM,Thu Nov 09 03:56:06 MST 2006,TRD0050269
Kato Blair,WMCS-78,WMCS,Wealth Management - Client Services,WM,Sat Jul 23 14:06:48 MDT 2011,TRD0050270
Walker Carter,WMCS-90,WMCS,Wealth Management - Client Services,WM,Sun Oct 30 09:45:36 MST 2005,TRD0050271
Vance Padilla,WMCS-45,WMCS,Wealth Management - Client Services,WM,Sun Oct 07 03:21:18 MDT 2012,TRD0050272
Blossom Quinn,INTR-556,INTR,Investments - Trading,IN,Thu Aug 14 11:35:39 MDT 2008,TRD0050273
Clementine Mathews,INTR-102,INTR,Investments - Trading,IN,Sat Aug 16 14:32:32 MDT 2014,TRD0050274
Lillian Hickman,INTR-322,INTR,Investments - Trading,IN,Sat Jun 11 15:46:38 MDT 2011,TRD0050275
Kim Schultz,INTR-345,INTR,Investments - Trading,IN,Wed May 09 13:49:53 MDT 2007,TRD0050276
Velma Mcdonald,INTR-878,INTR,Investments - Trading,IN,Fri Feb 15 20:13:10 MST 2008,TRD0050277
Jonah Hale,INTR-878,INTR,Investments - Trading,IN,Sun Mar 01 16:00:43 MST 2015,TRD0050278
Jayme Haley,INTR-322,INTR,Investments - Trading,IN,Wed Aug 30 18:34:58 MDT 2006,TRD0050279
Freya Wilcox,INTR-102,INTR,Investments - Trading,IN,Sat Feb 27 18:30:10 MST 2010,TRD0050280
Ali Snyder,INTR-321,INTR,Investments - Trading,IN,Fri Dec 23 05:27:31 MST 2005,TRD0050281
Aquila Stephens,INTR-102,INTR,Investments - Trading,IN,Mon Mar 26 10:45:53 MDT 2012,TRD0050282
Jin Vaughan,INTR-101,INTR,Investments - Trading,IN,Sat Feb 25 15:30:15 MST 2012,TRD0050283
Quinn House,INTR,INTR,Investments - Trading,IN,Tue Sep 04 06:12:23 MDT 2012,TRD0050284
Marshall Brewer,INTR-102,INTR,Investments - Trading,IN,Thu Feb 18 04:48:49 MST 2010,TRD0050285
Duncan Kirby,INTR-322,INTR,Investments - Trading,IN,Thu Feb 17 01:46:00 MST 2011,TRD0050286
Hakeem Henry,INTR-878,INTR,Investments - Trading,IN,Mon Mar 31 02:56:35 MDT 2008,TRD0050287
Kaden Spears,INTR-990,INTR,Investments - Trading,IN,Fri Jan 28 11:03:54 MST 2011,TRD0050288
Keely Powell,INTR-990,INTR,Investments - Trading,IN,Tue Jun 07 04:22:23 MDT 2011,TRD0050289
Sara Puckett,INTR-878,INTR,Investments - Trading,IN,Mon Jun 10 19:18:25 MDT 2013,TRD0050290
Jeremy Tran,INTR-101,INTR,Investments - Trading,IN,Tue May 28 15:14:56 MDT 2013,TRD0050291
Ryder Koch,INTR-103,INTR,Investments - Trading,IN,Mon May 05 06:16:24 MDT 2008,TRD0050292
Mona Carroll,INTR-322,INTR,Investments - Trading,IN,Sun Aug 06 12:14:10 MDT 2006,TRD0050293
Rhonda Mcgowan,INTR-321,INTR,Investments - Trading,IN,Thu Jan 08 15:50:53 MST 2009,TRD0050294
Oprah Hopkins,INTR-878,INTR,Investments - Trading,IN,Tue May 18 04:31:58 MDT 2010,TRD0050295
Buffy Lowe,INTR-556,INTR,Investments - Trading,IN,Fri Aug 22 07:05:47 MDT 2014,TRD0050296
Clark Hall,INTR-878,INTR,Investments - Trading,IN,Sat Mar 25 13:07:00 MST 2006,TRD0050297
Ora Conley,INTR-990,INTR,Investments - Trading,IN,Sun Jan 29 05:50:52 MST 2006,TRD0050298
James Barlow,INTR-345,INTR,Investments - Trading,IN,Mon Mar 25 04:22:05 MDT 2013,TRD0050299
Malik Lara,INTR-102,INTR,Investments - Trading,IN,Sun Apr 15 23:03:19 MDT 2012,TRD0050300
Maxwell Bryan,INTR-345,INTR,Investments - Trading,IN,Mon Dec 07 23:17:06 MST 2009,TRD0050301
William Pugh,INTR-321,INTR,Investments - Trading,IN,Sun Feb 15 00:51:46 MST 2009,TRD0050302
Claudia Hayes,INTR-322,INTR,Investments - Trading,IN,Wed Apr 06 06:32:54 MDT 2011,TRD0050303
Arsenio Richards,INTR-556,INTR,Investments - Trading,IN,Thu Oct 02 15:07:35 MDT 2008,TRD0050304
Berk Harper,INTR-345,INTR,Investments - Trading,IN,Fri Dec 17 14:49:59 MST 2010,TRD0050305
Evangeline Wolf,INTR,INTR,Investments - Trading,IN,Mon Mar 15 06:39:15 MDT 2010,TRD0050306
Noelani Harper,INTR-345,INTR,Investments - Trading,IN,Fri Sep 05 04:11:36 MDT 2008,TRD0050307
Beverly Preston,INTR-101,INTR,Investments - Trading,IN,Fri Nov 09 04:27:34 MST 2012,TRD0050308
Amanda Ball,INTR-321,INTR,Investments - Trading,IN,Thu Nov 01 15:12:39 MDT 2012,TRD0050309
Wanda Alston,INTR-101,INTR,Investments - Trading,IN,Sat Jul 29 03:38:57 MDT 2006,TRD0050310
Chantale Johnston,INTR-322,INTR,Investments - Trading,IN,Wed Aug 13 11:06:35 MDT 2014,TRD0050311
Kelsey Bright,INTR-990,INTR,Investments - Trading,IN,Wed Dec 15 14:06:56 MST 2010,TRD0050312
Helen Beard,INTR-990,INTR,Investments - Trading,IN,Thu Jan 24 05:44:01 MST 2013,TRD0050313
Octavia Kramer,INTR-322,INTR,Investments - Trading,IN,Mon Oct 01 04:51:15 MDT 2012,TRD0050314
Mercedes Holden,INTR-101,INTR,Investments - Trading,IN,Thu Jan 05 21:09:20 MST 2006,TRD0050315
Heidi Christian,INTR-878,INTR,Investments - Trading,IN,Fri Nov 22 22:30:39 MST 2013,TRD0050316
Janna Waters,INTR-990,INTR,Investments - Trading,IN,Sat Dec 08 07:31:45 MST 2007,TRD0050317
Neil Jensen,INTR-556,INTR,Investments - Trading,IN,Wed Sep 28 13:36:15 MDT 2005,TRD0050318
Berk Valdez,INTR-101,INTR,Investments - Trading,IN,Wed Aug 22 17:47:19 MDT 2007,TRD0050319
Amity Bush,INTR-878,INTR,Investments - Trading,IN,Sat Nov 21 12:31:43 MST 2009,TRD0050320
Jason Vasquez,INTR-101,INTR,Investments - Trading,IN,Mon Jan 12 01:35:30 MST 2015,TRD0050321
Kamal Bowen,INTR-322,INTR,Investments - Trading,IN,Fri May 17 16:35:07 MDT 2013,TRD0050322
Christian Le,INTR-990,INTR,Investments - Trading,IN,Sun May 17 11:42:44 MDT 2009,TRD0050323
Randall Fitzgerald,INTR-556,INTR,Investments - Trading,IN,Thu Jun 04 00:30:28 MDT 2009,TRD0050324
Joan Potts,INTR,INTR,Investments - Trading,IN,Wed Sep 20 11:52:48 MDT 2006,TRD0050325
Kelly Paul,INTR-103,INTR,Investments - Trading,IN,Sat Apr 07 09:58:46 MDT 2007,TRD0050326
Tashya Thomas,INTR-103,INTR,Investments - Trading,IN,Wed Aug 03 08:03:50 MDT 2005,TRD0050327
Molly Payne,INTR-101,INTR,Investments - Trading,IN,Sun Aug 14 23:34:44 MDT 2005,TRD0050328
Laura Wagner,INTR-322,INTR,Investments - Trading,IN,Sun May 03 05:28:40 MDT 2009,TRD0050329
Talon Salinas,INTR-345,INTR,Investments - Trading,IN,Tue Jun 14 19:19:17 MDT 2011,TRD0050330
Jonas Chapman,INTR-101,INTR,Investments - Trading,IN,Tue Feb 12 20:40:35 MST 2013,TRD0050331
Holly Roberson,INTR-322,INTR,Investments - Trading,IN,Fri May 16 05:08:52 MDT 2008,TRD0050332
Cameron Allen,INTR-556,INTR,Investments - Trading,IN,Sat Nov 02 04:11:21 MDT 2013,TRD0050333
Wesley Hudson,INTR-556,INTR,Investments - Trading,IN,Sun Aug 30 17:37:20 MDT 2009,TRD0050334
Ahmed Solomon,INTR-345,INTR,Investments - Trading,IN,Fri Feb 20 20:36:31 MST 2015,TRD0050335
Riley Armstrong,INTR-101,INTR,Investments - Trading,IN,Wed Jul 01 04:53:39 MDT 2009,TRD0050336
Mannix Miller,INTR-878,INTR,Investments - Trading,IN,Sat Mar 03 10:49:43 MST 2012,TRD0050337
Amy Hendricks,INTR-345,INTR,Investments - Trading,IN,Sat Mar 14 05:47:23 MDT 2009,TRD0050338
Giacomo Byers,INTR-322,INTR,Investments - Trading,IN,Mon Oct 22 10:27:16 MDT 2012,TRD0050339
Quin Mercado,INTR-556,INTR,Investments - Trading,IN,Wed Mar 25 12:32:41 MDT 2009,TRD0050340
Sebastian Rodriquez,INTR,INTR,Investments - Trading,IN,Sun Dec 08 05:54:36 MST 2013,TRD0050341
Aladdin Higgins,INTR-990,INTR,Investments - Trading,IN,Mon Aug 30 11:30:30 MDT 2010,TRD0050342
Roanna Gibbs,INTR,INTR,Investments - Trading,IN,Sat Jan 09 19:56:49 MST 2010,TRD0050343
Nevada Keith,INTR-878,INTR,Investments - Trading,IN,Tue Aug 30 02:46:33 MDT 2005,TRD0050344
Ainsley Tran,INTR-102,INTR,Investments - Trading,IN,Mon Aug 27 20:34:47 MDT 2007,TRD0050345
Sonia Nguyen,INTR-322,INTR,Investments - Trading,IN,Sat Jan 05 10:05:11 MST 2008,TRD0050346
Edward Leonard,INTR-556,INTR,Investments - Trading,IN,Sun Jun 01 05:47:04 MDT 2014,TRD0050347
Adrian Warner,INTR-322,INTR,Investments - Trading,IN,Mon Sep 17 11:00:03 MDT 2012,TRD0050348
Bradley Stanton,INTR-556,INTR,Investments - Trading,IN,Sun Oct 19 08:37:33 MDT 2008,TRD0050349
Velma Huber,INTR,INTR,Investments - Trading,IN,Wed Jan 10 20:13:54 MST 2007,TRD0050350
Abbot Contreras,INTR-321,INTR,Investments - Trading,IN,Sun Mar 27 12:52:02 MDT 2011,TRD0050351
Bethany Lowe,INTR-322,INTR,Investments - Trading,IN,Sat Jan 16 00:47:33 MST 2010,TRD0050352
Fletcher Keller,INTR-101,INTR,Investments - Trading,IN,Wed Dec 28 08:47:48 MST 2011,TRD0050353
Sylvia Morris,INTR-321,INTR,Investments - Trading,IN,Sun Feb 16 12:08:13 MST 2014,TRD0050354
Imogene Velez,INTR-101,INTR,Investments - Trading,IN,Wed Feb 10 07:48:37 MST 2010,TRD0050355
Theodore Lowery,INTR-990,INTR,Investments - Trading,IN,Fri Nov 07 14:06:24 MST 2008,TRD0050356
Kiona Berger,INTR-990,INTR,Investments - Trading,IN,Sat Dec 26 04:40:03 MST 2009,TRD0050357
Whilemina Medina,INTR-103,INTR,Investments - Trading,IN,Thu Sep 22 22:03:38 MDT 2005,TRD0050358
Brendan Baird,INTR-345,INTR,Investments - Trading,IN,Fri May 31 15:31:22 MDT 2013,TRD0050359
Ryder Callahan,INTR-102,INTR,Investments - Trading,IN,Mon Oct 25 10:52:04 MDT 2010,TRD0050360
Ina England,INTR-102,INTR,Investments - Trading,IN,Sat Nov 13 12:01:52 MST 2010,TRD0050361
Holly Wagner,INTR-103,INTR,Investments - Trading,IN,Thu Mar 05 09:05:30 MST 2009,TRD0050362
Stone Gray,INTR-878,INTR,Investments - Trading,IN,Thu Apr 02 23:52:33 MDT 2009,TRD0050363
Noel Duffy,INTR-322,INTR,Investments - Trading,IN,Sun Aug 21 21:22:31 MDT 2011,TRD0050364
Adele Ewing,INTR-102,INTR,Investments - Trading,IN,Fri Feb 10 17:29:01 MST 2012,TRD0050365
Jamalia Simon,INTR-101,INTR,Investments - Trading,IN,Wed Aug 20 15:56:41 MDT 2008,TRD0050366
Harlan Whitley,INTR-345,INTR,Investments - Trading,IN,Tue Dec 06 10:51:48 MST 2005,TRD0050367
Tanisha Fernandez,INTR-103,INTR,Investments - Trading,IN,Thu Aug 21 07:35:59 MDT 2008,TRD0050368
Rose Slater,INTR-556,INTR,Investments - Trading,IN,Sun Jul 18 07:11:03 MDT 2010,TRD0050369
Katell Frye,INTR-322,INTR,Investments - Trading,IN,Wed Jul 03 20:59:34 MDT 2013,TRD0050370
Tate Giles,INTR-878,INTR,Investments - Trading,IN,Sat Jun 11 11:59:36 MDT 2005,TRD0050371
Myra Lyons,INTR-322,INTR,Investments - Trading,IN,Wed Nov 22 16:30:23 MST 2006,TRD0050372
Keith Eaton,INTR-556,INTR,Investments - Trading,IN,Sat Jun 13 04:15:51 MDT 2009,TRD0050373
Flynn Riggs,INTR,INTR,Investments - Trading,IN,Fri Apr 05 10:49:37 MDT 2013,TRD0050374
Blake Arnold,INTR-990,INTR,Investments - Trading,IN,Mon Mar 02 03:35:55 MST 2015,TRD0050375
Charde Moore,INTR-345,INTR,Investments - Trading,IN,Wed Apr 09 10:08:53 MDT 2008,TRD0050376
Adria Savage,INTR-322,INTR,Investments - Trading,IN,Mon Aug 03 17:32:52 MDT 2009,TRD0050377
Whoopi Hernandez,INTR-322,INTR,Investments - Trading,IN,Sun May 08 18:33:51 MDT 2011,TRD0050378
Bryar Robertson,INTR-556,INTR,Investments - Trading,IN,Fri Jul 04 03:24:31 MDT 2014,TRD0050379
MacKenzie Garrison,INTR-990,INTR,Investments - Trading,IN,Tue Jun 22 22:56:57 MDT 2010,TRD0050380
Brenden Mccullough,INTR-321,INTR,Investments - Trading,IN,Mon Sep 10 10:04:48 MDT 2007,TRD0050381
Chaim Wong,INTR-345,INTR,Investments - Trading,IN,Sun May 13 08:48:18 MDT 2012,TRD0050382
Isaac England,INTR-345,INTR,Investments - Trading,IN,Sun Sep 20 21:59:49 MDT 2009,TRD0050383
Wynne Carey,INTR-322,INTR,Investments - Trading,IN,Sun Mar 10 01:38:22 MST 2013,TRD0050384
Cairo Boyer,INTR-321,INTR,Investments - Trading,IN,Sun Nov 25 13:11:06 MST 2012,TRD0050385
Octavia Case,INTR-321,INTR,Investments - Trading,IN,Tue May 24 02:17:14 MDT 2011,TRD0050386
Elmo Ross,INTR,INTR,Investments - Trading,IN,Thu Aug 11 19:15:22 MDT 2005,TRD0050387
Sybil Spence,INTR-103,INTR,Investments - Trading,IN,Fri Jul 12 10:59:06 MDT 2013,TRD0050388
Felix Brady,INTR-990,INTR,Investments - Trading,IN,Sun Apr 18 16:45:16 MDT 2010,TRD0050389
Isaiah Graham,INTR-321,INTR,Investments - Trading,IN,Sat Oct 14 00:23:04 MDT 2006,TRD0050390
Ivana Hunter,INTR-101,INTR,Investments - Trading,IN,Fri Jun 02 21:39:40 MDT 2006,TRD0050391
Rhonda Elliott,INTR-101,INTR,Investments - Trading,IN,Fri Sep 10 22:50:33 MDT 2010,TRD0050392
Cedric Snyder,INTR-345,INTR,Investments - Trading,IN,Thu Dec 01 06:07:24 MST 2011,TRD0050393
Nola Gonzalez,INTR-101,INTR,Investments - Trading,IN,Wed Jan 30 07:04:37 MST 2008,TRD0050394
Rogan Mcgee,INTR-101,INTR,Investments - Trading,IN,Fri Dec 24 02:29:20 MST 2010,TRD0050395
Bertha Wheeler,INTR-345,INTR,Investments - Trading,IN,Sun Sep 11 04:47:43 MDT 2005,TRD0050396
Jasmine Castro,INTR-321,INTR,Investments - Trading,IN,Sat Mar 28 14:00:04 MDT 2009,TRD0050397
Herman Houston,INTR-321,INTR,Investments - Trading,IN,Fri Aug 31 07:16:24 MDT 2007,TRD0050398
Hasad Grant,INTR,INTR,Investments - Trading,IN,Thu Apr 26 16:18:25 MDT 2012,TRD0050399
Erin Malone,INTR-345,INTR,Investments - Trading,IN,Tue Nov 13 18:50:51 MST 2007,TRD0050400
Kyla Duffy,INTR-102,INTR,Investments - Trading,IN,Sat Feb 28 14:47:41 MST 2009,TRD0050401
Kamal Rose,INTR-103,INTR,Investments - Trading,IN,Thu Mar 06 14:58:04 MST 2014,TRD0050402
Nelle Peters,INTR-345,INTR,Investments - Trading,IN,Sat Sep 16 01:50:58 MDT 2006,TRD0050403
Beatrice Oneil,INTR-345,INTR,Investments - Trading,IN,Fri Nov 07 20:59:32 MST 2008,TRD0050404
Michelle Mclaughlin,INTR-878,INTR,Investments - Trading,IN,Sun Dec 16 10:36:52 MST 2007,TRD0050405
Audra Landry,INTR-103,INTR,Investments - Trading,IN,Fri Oct 08 19:43:51 MDT 2010,TRD0050406
Ryan Camacho,INTR-321,INTR,Investments - Trading,IN,Thu Feb 13 06:59:20 MST 2014,TRD0050407
Ashton Copeland,INTR-322,INTR,Investments - Trading,IN,Tue Jul 24 15:43:18 MDT 2012,TRD0050408
Honorato Acevedo,INTR-990,INTR,Investments - Trading,IN,Thu Sep 18 02:34:07 MDT 2008,TRD0050409
Mariam Hays,INTR-103,INTR,Investments - Trading,IN,Mon Jan 01 19:37:33 MST 2007,TRD0050410
Ocean Kennedy,INTR-556,INTR,Investments - Trading,IN,Tue Oct 10 10:57:52 MDT 2006,TRD0050411
Macey Oneal,INTR-990,INTR,Investments - Trading,IN,Sat Mar 15 18:47:07 MDT 2014,TRD0050412
Lucas Rodriguez,INTR-878,INTR,Investments - Trading,IN,Thu May 24 18:12:13 MDT 2007,TRD0050413
September Stuart,INTR-878,INTR,Investments - Trading,IN,Wed Dec 05 03:56:33 MST 2012,TRD0050414
Mara Mayo,INTR,INTR,Investments - Trading,IN,Mon Jul 07 13:49:28 MDT 2014,TRD0050415
Leslie Gilliam,INTR-345,INTR,Investments - Trading,IN,Tue May 15 20:41:20 MDT 2012,TRD0050416
Veronica Mcneil,INTR,INTR,Investments - Trading,IN,Sat Jun 04 02:11:09 MDT 2011,TRD0050417
Guy Huff,INTR-878,INTR,Investments - Trading,IN,Sun Mar 16 11:33:54 MDT 2008,TRD0050418
Josiah Villarreal,INTR-321,INTR,Investments - Trading,IN,Sun Aug 07 11:45:14 MDT 2011,TRD0050419
Halla Allen,INTR-322,INTR,Investments - Trading,IN,Mon Oct 16 02:46:39 MDT 2006,TRD0050420
Jena Russo,INTR-990,INTR,Investments - Trading,IN,Wed Sep 16 05:53:42 MDT 2009,TRD0050421
Samson Dotson,INTR-101,INTR,Investments - Trading,IN,Wed Nov 09 04:18:53 MST 2011,TRD0050422
Burton Mooney,INTR-990,INTR,Investments - Trading,IN,Fri Oct 23 06:33:33 MDT 2009,TRD0050423
Moana Sanders,INEM-1,INEM,Investments - Emerging Markets,IN,Sat Feb 28 07:22:44 MST 2015,null
Nina Crawford,RMMA-321,RMMA,Risk Management - Management & Admin,RM,Mon Jan 23 12:41:25 MST 2006,null
Mallory Clarke,WMOP-75,WMOP,Wealth Management - Operations,WM,Thu Aug 06 14:58:09 MDT 2009,null
Winter Murphy,ITAM-714,ITAM,Information Technology - Application Management,IT,Mon Jun 30 00:00:34 MDT 2008,null
Alisa Howe,ITEM-39,ITEM,Information Technology - Enterprise Management,IT,Mon Dec 24 16:02:30 MST 2007,null
Rylee Parrish,INEM-59,INEM,Investments - Emerging Markets,IN,Fri Jun 14 08:49:21 MDT 2013,null
Veda Casey,HRHR-43,HRHR,Human Resources - Hiring,HR,Mon Jun 13 15:23:06 MDT 2005,null
Robert Ochoa,INRD-3,INRD,Investments - Reference Data Management,IN,Fri Jul 26 01:53:39 MDT 2013,null
Jena Dodson,RMIN-365,RMIN,Risk Management - Impact Analysis,RM,Wed Aug 18 16:23:21 MDT 2010,null
Desiree Leon,INEM-13,INEM,Investments - Emerging Markets,IN,Thu Dec 22 08:17:10 MST 2005,null
Janna Tyson,INRA-13,INRA,Investments - Reporting and Analytics,IN,Wed Mar 25 01:38:20 MDT 2015,null
Jennifer Rich,HRHR-67,HRHR,Human Resources - Hiring,HR,Thu Jul 22 02:18:37 MDT 2010,null
Debra Mcdonald,INTR-321,INTR,Investments - Trading,IN,Tue Oct 25 04:50:38 MDT 2005,null
Destiny Garcia,INMA-711,INMA,Investments - Management & Admin,IN,Mon Oct 17 11:06:16 MDT 2011,null
Jada Ramsey,RASG-11,RASG,Regulatory Affairs - Strategy,RA,Thu Nov 13 04:52:21 MST 2008,null
Noelani Navarro,ITCM-25,ITCM,Information Technology - Configuration Management,IT,Wed Dec 05 12:25:16 MST 2007,null
Mary Cox,INEM-57,INEM,Investments - Emerging Markets,IN,Wed Oct 09 08:31:36 MDT 2013,null
Halee Cantu,HRIF-54,HRIF,Human Resources - Infrastructure,HR,Fri Jan 26 17:34:50 MST 2007,null
Violet Barrera,RMIN-3,RMIN,Risk Management - Impact Analysis,RM,Tue Jan 17 03:25:39 MST 2006,null
Gemma Atkinson,ITDT-78,ITDT,Information Technology - Development Tools,IT,Fri Oct 01 15:32:04 MDT 2010,null
Emmanuel Nash,CMAD-342,CMAD,Communications - Advertising,CM,Sun Feb 08 18:36:15 MST 2009,null
Buckminster Marquez,CFSG-556,CFSG,CFO - Strategy,CF,Sun Aug 03 04:45:56 MDT 2008,null
Iola Butler,WMAM-62,WMAM,Wealth Management - Asset Management,WM,Sat Sep 19 15:36:02 MDT 2009,null
Kylan Reid,ITAM-711,ITAM,Information Technology - Application Management,IT,Fri Mar 11 07:48:37 MST 2011,null
Dustin Parks,CFTV-90,CFTV,CFO - Trade Validation,CF,Thu Mar 10 17:37:48 MST 2011,null
Garth David,PBCS-69,PBCS,Private Banking - Client Services,PB,Thu Jan 30 10:44:57 MST 2014,null
Xena Alston,INEM-713,INEM,Investments - Emerging Markets,IN,Mon Jul 18 13:08:29 MDT 2011,null
Lynn Rowe,WMIF-69,WMIF,Wealth Management - Infrastructure,WM,Wed Jan 26 00:36:50 MST 2011,null
Daryl Goodman,PBOP,PBOP,Private Banking - Operations,PB,Mon Mar 02 06:15:29 MST 2015,null
Fatima Downs,ITIS-79,ITIS,Information Technology - Integration Services,IT,Fri Aug 18 01:45:19 MDT 2006,null
Hammett Lucas,CMAD-73,CMAD,Communications - Advertising,CM,Wed Dec 05 01:05:32 MST 2007,null
Travis Serrano,INER-11,INER,Investments - Economic Research,IN,Wed Dec 24 07:10:05 MST 2014,null
Jermaine Ochoa,INMA-36,INMA,Investments - Management & Admin,IN,Sun Jun 18 10:53:31 MDT 2006,null
Jorden Molina,HRCP-16,HRCP,Human Resources - Compensation,HR,Mon Oct 10 06:32:23 MDT 2011,null
Troy Moreno,GCCP-18,GCCP,General Counsel - Compliance,GC,Sun May 22 13:28:36 MDT 2011,null
Nathan Wilder,ITCP-20,ITCP,Information Technology - Capacity Management,IT,Tue Mar 21 16:53:11 MST 2006,null
Bethany Beach,RAIF-64,RAIF,Regulatory Affairs - Infrastructure,RA,Fri May 15 02:08:59 MDT 2009,null
Kirby Herman,RMOP-46,RMOP,Risk Management - Operations,RM,Fri Jan 08 08:19:37 MST 2010,null
Zena Patel,GCOP-37,GCOP,General Counsel - Operations,GC,Fri Oct 27 06:40:16 MDT 2006,null
Eagan Vincent,PBSG-12,PBSG,Private Banking - Strategy,PB,Sun Dec 23 07:18:37 MST 2007,null
Abigail Fernandez,ITSE-143,ITSE,Information Technology - Systems Engineering,IT,Tue Aug 23 13:13:01 MDT 2011,null
MacKensie Randall,WMFI-12,WMFI,Wealth Management - Finance,WM,Thu Oct 29 17:31:24 MDT 2009,null
Lawrence Adams,HRHR-7,HRHR,Human Resources - Hiring,HR,Mon Dec 03 08:37:18 MST 2007,null
Rachel Leblanc,WMPF-39,WMPF,Wealth Management - Private Funds,WM,Fri Sep 15 02:26:01 MDT 2006,null
Nolan Mcpherson,GCTM-712,GCTM,General Counsel - Trade Monitoring,GC,Sat May 07 19:32:56 MDT 2005,null
Alexa Ferguson,WMPG-22,WMPG,Wealth Management - Portfolio Management,WM,Sat Jan 05 23:22:57 MST 2013,null
Teagan Pugh,CMAD-1,CMAD,Communications - Advertising,CM,Thu Apr 26 03:58:18 MDT 2007,null
Hilda Warner,RASX-342,RASX,Regulatory Affairs - SOX Governance,RA,Sat Dec 15 20:40:56 MST 2007,null
Jakeem Sharpe,HROP-93,HROP,Human Resources - Operations,HR,Sun Aug 31 08:26:28 MDT 2014,null
Neville Thompson,RMMR-12,RMMR,Risk Management - Market Risk Management,RM,Sat Mar 16 11:43:40 MDT 2013,null
Alika Ashley,PBFP-3,PBFP,Private Banking - Financial Planning,PB,Sun Sep 18 05:48:12 MDT 2005,null
Philip Patel,INDR-74,INDR,Investments - Derivatives Management,IN,Mon Nov 21 23:25:50 MST 2011,null
Connor Garrett,INCG-78,INCG,Investments - Capital Management,IN,Sun Oct 21 11:50:08 MDT 2007,null
Fleur Kerr,GCIN-85,GCIN,General Counsel - Investigations,GC,Tue Jan 01 16:04:58 MST 2008,null
Idola Sharpe,HRRC-24,HRRC,Human Resources - Recruiting,HR,Thu Jan 10 13:40:42 MST 2008,null
Quinn Williamson,WMMK-103,WMMK,Wealth Management - Marketing,WM,Wed Jun 24 15:01:11 MDT 2009,null
Heather Baldwin,CFCR-22,CFCR,CFO - Commercial Real Estate Services,CF,Wed Aug 05 12:21:37 MDT 2009,null
Fritz Murphy,WMPF-24,WMPF,Wealth Management - Private Funds,WM,Sun Sep 26 11:10:31 MDT 2010,null
Sybill Ward,WMPN-34,WMPN,Wealth Management - Portfolio Analysis,WM,Tue Jul 01 02:56:50 MDT 2008,null
Tate Cannon,INMA-342,INMA,Investments - Management & Admin,IN,Wed May 23 09:32:49 MDT 2012,null
Rosalyn Saunders,CFSG,CFSG,CFO - Strategy,CF,Tue Apr 16 05:59:43 MDT 2013,null
Carl Tyler,PBBD-7,PBBD,Private Banking - Business Development,PB,Wed May 14 10:11:37 MDT 2014,null
Joelle Bonner,HRRC,HRRC,Human Resources - Recruiting,HR,Sun Aug 03 11:55:17 MDT 2008,null
Mallory Evans,INIF-57,INIF,Investments - Infrastructure,IN,Tue Aug 12 02:22:12 MDT 2008,null
David Torres,HRBP-75,HRBP,Human Resources - HR Business Partners,HR,Sun Feb 19 14:22:42 MST 2012,null
Joan Dennis,ITAR-15,ITAR,Information Technology - Architecture,IT,Tue Jul 17 22:59:24 MDT 2012,null
Wallace Joyce,HRSG-32,HRSG,Human Resources - Strategy,HR,Tue Aug 05 18:33:37 MDT 2014,null
Stephen Scott,RMMR-711,RMMR,Risk Management - Market Risk Management,RM,Tue Feb 22 07:53:17 MST 2011,null
Carla Manning,PBFP-12,PBFP,Private Banking - Financial Planning,PB,Fri Aug 08 09:46:55 MDT 2014,null
Felicia Robinson,HRAM-7,HRAM,Human Resources - Access Management,HR,Wed Sep 03 23:50:33 MDT 2008,null
Jade Kelly,PBMA-26,PBMA,Private Banking - Management & Admin,PB,Fri Jun 12 02:11:13 MDT 2009,null
Burton Herring,CFLO-79,CFLO,CFO - Loan Origination,CF,Thu Dec 22 15:14:51 MST 2011,null
Hu Albert,WMPM-3,WMPM,Wealth Management - Process Management,WM,Mon Jun 09 02:16:16 MDT 2008,null
Fredericka Shepard,ITSE-57,ITSE,Information Technology - Systems Engineering,IT,Mon Feb 14 03:06:33 MST 2011,null
Simone Little,INSG-90,INSG,Investments - Strategy,IN,Wed Mar 10 16:18:55 MST 2010,null
Plato Singleton,INFI-36,INFI,Investments - Finance,IN,Fri Dec 23 02:10:28 MST 2011,null
Alexander Bauer,RAIF-63,RAIF,Regulatory Affairs - Infrastructure,RA,Sat Jan 16 07:53:29 MST 2010,null
Kareem Parsons,CFRR-21,CFRR,CFO - Regulatory Reporting,CF,Thu Sep 27 09:46:07 MDT 2012,null
Miranda Campos,PBSP-54,PBSP,Private Banking - Support,PB,Mon May 07 12:29:58 MDT 2007,null
Zorita Bradshaw,CFTP-322,CFTP,CFO - Treasury Operations,CF,Tue May 22 07:33:12 MDT 2007,null
Forrest Olson,INAD-33,INAD,Investments - Audit,IN,Wed Mar 21 04:14:20 MDT 2007,null
Elaine Carson,ITSP-46,ITSP,Information Technology - Special Projects,IT,Tue Nov 13 01:02:21 MST 2007,null
Charde Downs,INAD-14,INAD,Investments - Audit,IN,Wed Nov 18 06:44:31 MST 2009,null
Kristen Massey,INPS-13,INPS,Investments - Prime Services,IN,Wed Sep 14 11:14:31 MDT 2011,null
Hammett Merrill,INCG,INCG,Investments - Capital Management,IN,Thu Aug 10 05:46:56 MDT 2006,null
Oliver Tanner,CFCG-4,CFCG,CFO - Colateral Management,CF,Tue May 10 21:09:37 MDT 2011,null
Tanek Patton,ITCS-79,ITCS,Information Technology - Cyber Security,IT,Sat Dec 06 20:23:32 MST 2014,null
Kirestin Cummings,CMAD-113,CMAD,Communications - Advertising,CM,Sun Jan 28 02:39:38 MST 2007,null
Axel Tillman,RMOP-45,RMOP,Risk Management - Operations,RM,Fri Aug 31 20:11:20 MDT 2012,null
Amos Cruz,RMIF-71,RMIF,Risk Management - Infrastructure,RM,Sat Apr 20 00:12:01 MDT 2013,null
Harlan Meyer,HRMA-1,HRMA,Human Resources - Management & Admin,HR,Tue Oct 01 02:49:12 MDT 2013,null
Maile Combs,GCCP-18,GCCP,General Counsel - Compliance,GC,Mon Feb 19 06:39:49 MST 2007,null
Colton Rice,HROP-93,HROP,Human Resources - Operations,HR,Thu Mar 09 19:34:24 MST 2006,null
Morgan Bonner,INMA-3,INMA,Investments - Management & Admin,IN,Fri May 13 02:45:24 MDT 2011,null
Sydnee Cobb,RMMA-321,RMMA,Risk Management - Management & Admin,RM,Thu Mar 19 00:22:15 MDT 2009,null
Vielka Knox,INAD-33,INAD,Investments - Audit,IN,Wed Feb 25 22:54:34 MST 2009,null
Gwendolyn Clements,ITSP-45,ITSP,Information Technology - Special Projects,IT,Thu Oct 08 22:48:55 MDT 2009,null
Calista Pickett,PBMK-990,PBMK,Private Banking - Marketing,PB,Fri Sep 25 19:19:15 MDT 2009,null
Brett Vang,HROP-87,HROP,Human Resources - Operations,HR,Sun Mar 20 13:04:27 MDT 2011,null
Simon Weaver,HRCP-1,HRCP,Human Resources - Compensation,HR,Sat Jul 19 15:51:05 MDT 2014,null
Cheryl Gibson,INDR-79,INDR,Investments - Derivatives Management,IN,Mon Dec 22 13:31:16 MST 2008,null
Bevis Gentry,PBCS-90,PBCS,Private Banking - Client Services,PB,Fri Feb 21 18:16:29 MST 2014,null
Hu Ayala,ITPD-22,ITPD,Information Technology - Product Management,IT,Fri Jul 31 11:10:04 MDT 2009,null
Marcia Leach,ITAR-18,ITAR,Information Technology - Architecture,IT,Wed Feb 23 23:22:27 MST 2011,null
Dominic Frost,ITVM-44,ITVM,Information Technology - Vendor Management,IT,Sun Apr 06 07:26:49 MDT 2014,null
Charlotte Park,CFOP-1,CFOP,CFO - Operations,CF,Fri Aug 23 20:34:40 MDT 2013,null
Kelly Munoz,RMIN-5,RMIN,Risk Management - Impact Analysis,RM,Wed May 07 13:41:20 MDT 2008,null
Adele Santana,HRPY-46,HRPY,Human Resources - Payroll,HR,Sun Aug 31 15:29:08 MDT 2008,null
Emmanuel Lamb,WMSP-43,WMSP,Wealth Management - Support,WM,Sun Jun 15 22:26:49 MDT 2008,null
Clio Olsen,CFCR-25,CFCR,CFO - Commercial Real Estate Services,CF,Sun Apr 26 08:54:22 MDT 2009,null
Baker Duran,RMPM-17,RMPM,Risk Management - Portfolio Management,RM,Sun May 01 15:55:28 MDT 2005,null
Harrison Guerra,PBOP-91,PBOP,Private Banking - Operations,PB,Tue Jun 02 12:29:24 MDT 2009,null
Adena Rojas,INCG-79,INCG,Investments - Capital Management,IN,Sat May 22 23:44:07 MDT 2010,null
Edward Mcdonald,INEM-712,INEM,Investments - Emerging Markets,IN,Sun Jan 27 13:23:20 MST 2008,null
Jena Bright,CMIF-321,CMIF,Communications - Infrastructure,CM,Fri Mar 29 22:50:40 MDT 2013,null
Dante Mccormick,WMWP-345,WMWP,Wealth Management - Wealth Planning,WM,Fri Jun 02 07:55:49 MDT 2006,null
Rebecca Boyle,CFGF,CFGF,CFO - Group Finance,CF,Tue May 08 10:04:46 MDT 2012,null
Debra Mclaughlin,ITDM-28,ITDM,Information Technology - Data Management,IT,Mon Dec 11 12:18:05 MST 2006,null
Audrey Barrera,CFLO-46,CFLO,CFO - Loan Origination,CF,Wed Jan 04 14:18:22 MST 2012,null
Sade Barnett,CFTV-44,CFTV,CFO - Trade Validation,CF,Fri Mar 07 18:24:49 MST 2014,null
Martin Jennings,ITDA-25,ITDA,Information Technology - Data Architecture,IT,Thu Jun 07 09:46:28 MDT 2007,null
Hayfa Oconnor,CFCR-31,CFCR,CFO - Commercial Real Estate Services,CF,Sat Apr 14 13:39:14 MDT 2007,null
Leila Marquez,ITTT-66,ITTT,Information Technology - Trading Technologies,IT,Thu Jul 18 13:03:43 MDT 2013,null
Elaine Mcfarland,INEM-53,INEM,Investments - Emerging Markets,IN,Mon Jun 05 10:28:57 MDT 2006,null
Shad Stark,CFMA-37,CFMA,CFO - Management & Admin,CF,Fri Jul 10 14:11:54 MDT 2009,null
Duncan Dean,INCV-65,INCV,Investments - Credit Valuation Adjustment,IN,Sun Jan 01 08:31:03 MST 2006,null
Rylee Pruitt,INRD-714,INRD,Investments - Reference Data Management,IN,Wed Feb 17 07:45:57 MST 2010,null
Harlan Reed,WMOP-143,WMOP,Wealth Management - Operations,WM,Mon Feb 10 06:18:01 MST 2014,null
Cade Olsen,INRA-34,INRA,Investments - Reporting and Analytics,IN,Mon Jun 03 21:28:57 MDT 2013,null
Jeremy Wynn,ITDS-86,ITDS,Information Technology - Data Assurance,IT,Wed Mar 23 12:24:41 MDT 2011,null
Arsenio Hyde,INFI-32,INFI,Investments - Finance,IN,Tue Jan 17 18:38:59 MST 2012,null
Denise Norris,INMK-14,INMK,Investments - Marketing,IN,Fri Mar 13 21:51:49 MDT 2009,null
Nolan Stone,HRRC-21,HRRC,Human Resources - Recruiting,HR,Tue Jan 14 20:17:14 MST 2014,null
Honorato Paul,INIF-88,INIF,Investments - Infrastructure,IN,Fri Apr 30 03:10:23 MDT 2010,null
Keely Dotson,GCIN-86,GCIN,General Counsel - Investigations,GC,Sat Apr 24 13:29:49 MDT 2010,null
Candice Webster,RMIN-13,RMIN,Risk Management - Impact Analysis,RM,Sat Jun 14 18:51:23 MDT 2014,null
Jescie Mccray,INFI-29,INFI,Investments - Finance,IN,Wed Aug 31 04:24:52 MDT 2011,null
Wynter Carter,ITIS-75,ITIS,Information Technology - Integration Services,IT,Fri Jun 16 02:26:54 MDT 2006,null
Sybil Grant,GCOP-22,GCOP,General Counsel - Operations,GC,Mon Nov 07 07:59:33 MST 2011,null
Nero Cote,WMOP-11,WMOP,Wealth Management - Operations,WM,Sun Jan 18 16:17:58 MST 2009,null
Fitzgerald Bullock,HRRC-36,HRRC,Human Resources - Recruiting,HR,Sun Sep 02 18:24:23 MDT 2007,null
Burton Allen,RMTA-68,RMTA,Risk Management - Trade Analysis,RM,Thu Jul 12 06:48:05 MDT 2007,null
Veronica Jensen,HRBN-102,HRBN,Human Resources - Benefits,HR,Mon Dec 10 10:45:54 MST 2007,null
Kameko Newman,RMIF,RMIF,Risk Management - Infrastructure,RM,Thu Jun 19 01:03:18 MDT 2014,null
Jasper Travis,CFTP-990,CFTP,CFO - Treasury Operations,CF,Tue Dec 25 13:26:54 MST 2012,null
Kimberley England,ITDN-103,ITDN,Information Technology - Data Analytics,IT,Thu Jul 10 09:15:54 MDT 2008,null
Lee Hickman,CFTX-58,CFTX,CFO - Tax Services,CF,Fri Feb 05 08:57:28 MST 2010,null
Melinda Espinoza,INEC-321,INEC,Investments - Equities Controls,IN,Wed Jul 22 11:39:06 MDT 2009,null
Kane Barlow,INCP-94,INCP,Investments - Compliance,IN,Fri Aug 31 20:50:21 MDT 2012,null
Jarrod Pennington,HRMA-25,HRMA,Human Resources - Management & Admin,HR,Tue Jan 05 15:12:04 MST 2010,null
Dolan Colon,HRAM-14,HRAM,Human Resources - Access Management,HR,Fri Oct 15 11:42:04 MDT 2010,null
Kylie Pratt,RMPM-21,RMPM,Risk Management - Portfolio Management,RM,Mon May 28 19:58:35 MDT 2007,null
Wynter Stone,CFIF-59,CFIF,CFO - Infrastructure,CF,Mon Jul 27 23:18:51 MDT 2009,null
Chadwick Wilson,WMAM-41,WMAM,Wealth Management - Asset Management,WM,Wed Apr 25 11:05:35 MDT 2012,null
Liberty Phelps,RAMA-21,RAMA,Regulatory Affairs - Management & Admin,RA,Tue Nov 15 06:07:12 MST 2005,null
Dacey Kinney,ITHD-15,ITHD,Information Technology - Help Desk,IT,Thu Feb 28 23:53:13 MST 2008,null
Neve Mayo,RMOR-35,RMOR,Risk Management - Operational Risk Management,RM,Fri Oct 11 15:11:50 MDT 2013,null
Ali Ratliff,WMCP-5,WMCP,Wealth Management - Compliance,WM,Sat Dec 01 18:40:48 MST 2007,null
Jarrod Beck,HRSG-11,HRSG,Human Resources - Strategy,HR,Thu Apr 19 13:01:16 MDT 2007,null
Ralph Turner,CFCO-19,CFCO,CFO - Credit Operations,CF,Tue Mar 06 10:35:04 MST 2007,null
Eaton Beach,INPB-25,INPB,Investments - Prime Brokerage,IN,Thu May 10 10:14:05 MDT 2007,null
Imelda Delacruz,RASX-7,RASX,Regulatory Affairs - SOX Governance,RA,Tue May 17 21:48:02 MDT 2005,null
Vincent Sweet,ITSE-3,ITSE,Information Technology - Systems Engineering,IT,Sat Jan 29 16:51:14 MST 2011,null
Cullen Austin,HROP-92,HROP,Human Resources - Operations,HR,Sun Mar 05 17:05:56 MST 2006,null
Celeste Higgins,GCIF-44,GCIF,General Counsel - Infrastructure,GC,Mon Nov 07 22:04:08 MST 2005,null
Brendan Burch,RAIF-63,RAIF,Regulatory Affairs - Infrastructure,RA,Thu Aug 10 23:38:44 MDT 2006,null
Fleur Pitts,ITDM-34,ITDM,Information Technology - Data Management,IT,Mon Sep 11 19:06:13 MDT 2006,null
Lillian Griffin,RMTA-43,RMTA,Risk Management - Trade Analysis,RM,Thu Jun 20 16:17:08 MDT 2013,null
Illiana Singleton,INFI-14,INFI,Investments - Finance,IN,Sun Jun 01 11:10:45 MDT 2014,null
Abra Jenkins,RMMR-14,RMMR,Risk Management - Market Risk Management,RM,Thu Oct 16 07:36:27 MDT 2008,null
Kamal Riddle,INIF-58,INIF,Investments - Infrastructure,IN,Thu Apr 04 04:41:35 MDT 2013,null
Inga Wong,CFDN-44,CFDN,CFO - Data Analytics,CF,Tue Nov 06 03:37:00 MST 2007,null
Lucius Clayton,INFI-32,INFI,Investments - Finance,IN,Sat Nov 08 00:01:28 MST 2008,null
Beck Bailey,ITEM-14,ITEM,Information Technology - Enterprise Management,IT,Fri May 22 16:11:57 MDT 2009,null
Yardley Simpson,PBMK-321,PBMK,Private Banking - Marketing,PB,Sun Apr 05 15:37:43 MDT 2015,null
Nichole Wallace,PBBD-6,PBBD,Private Banking - Business Development,PB,Thu Aug 07 22:34:59 MDT 2014,null
Mohammad Buckley,WMMA-74,WMMA,Wealth Management - Management & Admin,WM,Wed Feb 18 12:59:38 MST 2015,null
Katelyn Rogers,GCSG-68,GCSG,General Counsel - Strategy,GC,Thu Mar 26 16:23:15 MDT 2009,null
Scarlet Zamora,HRBN-990,HRBN,Human Resources - Benefits,HR,Thu Jun 12 20:43:31 MDT 2008,null
Oliver Michael,PBCP-29,PBCP,Private Banking - Compliance,PB,Wed May 26 06:14:59 MDT 2010,null
Tiger Tillman,INEQ,INEQ,Investments - Equity Research,IN,Thu Feb 07 15:33:10 MST 2013,null
Owen Mueller,CFTX-55,CFTX,CFO - Tax Services,CF,Wed Apr 17 12:58:30 MDT 2013,null
Unity Mann,ITDA-15,ITDA,Information Technology - Data Architecture,IT,Tue Jan 12 09:13:44 MST 2010,null
Shea Mcintosh,ITEM-35,ITEM,Information Technology - Enterprise Management,IT,Tue Oct 28 17:20:16 MDT 2008,null
Neil Pratt,PBCS-65,PBCS,Private Banking - Client Services,PB,Sat Sep 05 08:45:38 MDT 2009,null
Wylie Larson,ITOP-322,ITOP,Information Technology - Operations,IT,Thu Apr 06 00:47:05 MDT 2006,null
Laurel Mooney,INSR-36,INSR,Investments - Strategic Risk,IN,Sat May 30 07:14:53 MDT 2009,null
Vincent Mcneil,CFMA-26,CFMA,CFO - Management & Admin,CF,Wed Apr 21 10:51:24 MDT 2010,null
Amena Stephenson,INOP-71,INOP,Investments - Operations,IN,Mon May 16 20:20:35 MDT 2005,null
Bianca Reilly,PBIF-54,PBIF,Private Banking - Infrastructure,PB,Tue Aug 26 21:18:28 MDT 2014,null
Candice Jimenez,RMIN-34,RMIN,Risk Management - Impact Analysis,RM,Sat Mar 12 05:40:47 MST 2011,null
Kelsey Marshall,CMAD-73,CMAD,Communications - Advertising,CM,Wed Apr 04 10:27:29 MDT 2007,null
Bradley Lloyd,CMOP-94,CMOP,Communications - Operations,CM,Fri Jun 02 03:50:31 MDT 2006,null
Keefe Holden,ITHE-77,ITHE,Information Technology - Hardware Engineering,IT,Fri Dec 08 14:09:52 MST 2006,null
Maggy Riddle,GCOP,GCOP,General Counsel - Operations,GC,Fri Mar 17 14:23:52 MST 2006,null
Drew Beck,ITAM-53,ITAM,Information Technology - Application Management,IT,Mon Apr 07 09:37:05 MDT 2014,null
Cynthia Conrad,HRHR-42,HRHR,Human Resources - Hiring,HR,Sun Jul 20 19:01:56 MDT 2014,null
Charles Robinson,ITSP-79,ITSP,Information Technology - Special Projects,IT,Sat Feb 06 18:04:06 MST 2010,null
Anjolie Sanford,PBCH-75,PBCH,Private Banking - Cash Service,PB,Tue Apr 15 15:02:38 MDT 2008,null
Lucian Payne,PBIF-59,PBIF,Private Banking - Infrastructure,PB,Tue Sep 27 14:00:35 MDT 2011,null
Halee Simmons,INCP-94,INCP,Investments - Compliance,IN,Sat Jan 11 04:15:34 MST 2014,null
Josephine Bender,CFLQ-86,CFLQ,CFO - Liquidity,CF,Mon Dec 18 10:58:44 MST 2006,null
Juliet Green,PBFP-1,PBFP,Private Banking - Financial Planning,PB,Tue Apr 24 04:43:13 MDT 2007,null
Piper George,RMMR-59,RMMR,Risk Management - Market Risk Management,RM,Sat Nov 17 14:20:56 MST 2012,null
Stacey Ferguson,CFMA-11,CFMA,CFO - Management & Admin,CF,Sun May 01 09:32:01 MDT 2005,null
Amal Dickson,WMIC-84,WMIC,Wealth Management - Investment Consulting,WM,Fri Jun 02 15:30:45 MDT 2006,null
Uriah Lara,CFIF-59,CFIF,CFO - Infrastructure,CF,Wed Jan 22 00:48:12 MST 2014,null
Quail Emerson,ITIS,ITIS,Information Technology - Integration Services,IT,Thu Oct 27 08:08:16 MDT 2005,null
Eve Flynn,CFBA-67,CFBA,CFO - Business Architecture,CF,Sat May 12 13:47:36 MDT 2012,null
Camille Crosby,INPS-14,INPS,Investments - Prime Services,IN,Tue Oct 02 21:15:54 MDT 2012,null
Gay Noble,GCOP-15,GCOP,General Counsel - Operations,GC,Sat Mar 22 18:29:46 MDT 2014,null
Daryl Wong,ITDN-345,ITDN,Information Technology - Data Analytics,IT,Sat Nov 22 16:28:22 MST 2014,null
Ralph Johnston,RASX-59,RASX,Regulatory Affairs - SOX Governance,RA,Wed Oct 14 20:31:16 MDT 2009,null
Ralph Reese,CFMA-40,CFMA,CFO - Management & Admin,CF,Sat Jun 20 07:32:56 MDT 2009,null
Maisie Fox,RMPM-19,RMPM,Risk Management - Portfolio Management,RM,Sat May 10 08:08:37 MDT 2014,null
Veronica Fuller,HRER,HRER,Human Resources - Employee Relations,HR,Mon Aug 28 02:49:56 MDT 2006,null
Maxwell Mccoy,ITTT-43,ITTT,Information Technology - Trading Technologies,IT,Wed Apr 11 08:20:56 MDT 2012,null
Candace Hatfield,RMMR-57,RMMR,Risk Management - Market Risk Management,RM,Tue May 04 09:24:02 MDT 2010,null
Herman Bright,INDR-62,INDR,Investments - Derivatives Management,IN,Sat Feb 23 21:18:25 MST 2013,null
Brendan Bolton,GCCP-13,GCCP,General Counsel - Compliance,GC,Tue May 01 22:39:03 MDT 2012,null
Azalia Hoover,CFSG-101,CFSG,CFO - Strategy,CF,Sat May 17 19:29:46 MDT 2008,null
Kelsie Jennings,RACG-89890,RACG,Regulatory Affairs - CRM Governance,RA,Fri Jan 13 15:48:47 MST 2006,null
Tiger Livingston,HRMA-13,HRMA,Human Resources - Management & Admin,HR,Mon Jan 28 16:48:54 MST 2008,null
Madonna Prince,CFLQ-89890,CFLQ,CFO - Liquidity,CF,Thu Jul 02 15:17:34 MDT 2009,null
Kato Huber,INRA-25,INRA,Investments - Reporting and Analytics,IN,Fri May 13 09:06:53 MDT 2005,null
Ebony Nolan,GCTM-54,GCTM,General Counsel - Trade Monitoring,GC,Thu Sep 27 03:57:56 MDT 2012,null
Driscoll Zimmerman,INMA-342,INMA,Investments - Management & Admin,IN,Sun Sep 03 18:27:22 MDT 2006,null
Keaton Mccarthy,ITEM-29,ITEM,Information Technology - Enterprise Management,IT,Fri Dec 26 04:03:36 MST 2008,null
Stella Clarke,ITTS-88,ITTS,Information Technology - Treasury,IT,Mon Dec 29 15:04:34 MST 2008,null
Iola May,HRCP-18,HRCP,Human Resources - Compensation,HR,Mon Jan 18 18:22:37 MST 2010,null
Zenaida Yates,ITPD-2,ITPD,Information Technology - Product Management,IT,Fri Jan 22 08:03:54 MST 2010,null
Lunea Reid,PBIF-57,PBIF,Private Banking - Infrastructure,PB,Thu Jul 21 14:22:16 MDT 2011,null
Hillary Klein,ITAM-12,ITAM,Information Technology - Application Management,IT,Tue Feb 01 12:23:06 MST 2011,null
Brian Patterson,IN,IN,Investments,null,Wed Nov 25 17:15:01 MST 2009,null
Lars Moran,ITTS-85,ITTS,Information Technology - Treasury,IT,Mon Apr 20 13:09:25 MDT 2015,null
Demetria Glover,WMMA-73,WMMA,Wealth Management - Management & Admin,WM,Thu Jun 20 00:41:42 MDT 2013,null
Lucius Cleveland,CMOP-89890,CMOP,Communications - Operations,CM,Sat Apr 28 16:37:53 MDT 2012,null
Maite Huff,HRCP-1,HRCP,Human Resources - Compensation,HR,Sun Feb 21 17:16:23 MST 2010,null
Ruby Macias,INFI-14,INFI,Investments - Finance,IN,Tue Apr 18 19:37:44 MDT 2006,null
Solomon Lopez,INER-25,INER,Investments - Economic Research,IN,Sat Jun 04 04:28:34 MDT 2005,null
Wanda Reyes,ITSE,ITSE,Information Technology - Systems Engineering,IT,Mon Apr 26 11:24:47 MDT 2010,null
Benjamin Peck,CMMA-79,CMMA,Communications - Management & Admin,CM,Sun Dec 26 23:47:02 MST 2010,null
Gannon Bailey,WMPG-3,WMPG,Wealth Management - Portfolio Management,WM,Tue Oct 17 09:45:39 MDT 2006,null
Ralph Valenzuela,CFFC,CFFC,CFO - Financial Accounting,CF,Fri Mar 06 21:29:17 MST 2015,null
Xanthus Goff,WMOP-39,WMOP,Wealth Management - Operations,WM,Mon Feb 13 08:46:08 MST 2012,null
Joel Lynn,CFCG-75,CFCG,CFO - Colateral Management,CF,Sun May 06 03:15:16 MDT 2012,null
Quinn Whitney,INRD-77,INRD,Investments - Reference Data Management,IN,Wed Jun 24 15:48:44 MDT 2009,null
Cedric Aguirre,GCSG,GCSG,General Counsel - Strategy,GC,Fri Jun 30 09:55:39 MDT 2006,null
Florence Bender,RMTR-87,RMTR,Risk Management - Trade Risk,RM,Wed Mar 19 00:33:42 MDT 2014,null
Porter Glenn,INAD-40,INAD,Investments - Audit,IN,Sat Aug 08 07:52:49 MDT 2009,null
Maryam Sullivan,HRCP-20,HRCP,Human Resources - Compensation,HR,Sun Oct 31 01:24:56 MDT 2010,null
Jerome Fitzpatrick,RMOR-33,RMOR,Risk Management - Operational Risk Management,RM,Sun Sep 19 22:33:45 MDT 2010,null
Eve Horne,RMIN-598,RMIN,Risk Management - Impact Analysis,RM,Sat May 17 15:04:33 MDT 2014,null
Yasir Odom,GCTM-598,GCTM,General Counsel - Trade Monitoring,GC,Thu Oct 04 23:23:58 MDT 2007,null
Xenos Conner,INCS-102,INCS,Investments - Client Services,IN,Sat Apr 05 01:57:58 MDT 2008,null
September Pope,HRAM-57,HRAM,Human Resources - Access Management,HR,Mon Dec 24 20:25:07 MST 2012,null
Barrett Hewitt,PBIF-81,PBIF,Private Banking - Infrastructure,PB,Sat Feb 23 00:53:18 MST 2013,null
Todd Holloway,RMTA-77,RMTA,Risk Management - Trade Analysis,RM,Mon Feb 18 08:06:20 MST 2008,null
Xenos Francis,PBCP-13,PBCP,Private Banking - Compliance,PB,Tue Apr 08 15:06:35 MDT 2014,null
TaShya Hensley,WMSP-78,WMSP,Wealth Management - Support,WM,Thu Nov 09 18:51:35 MST 2006,null
Sopoline Byers,PBPC-12,PBPC,Private Banking - Process Management,PB,Sun Apr 04 22:37:23 MDT 2010,null
Lillian Gonzales,CFTX,CFTX,CFO - Tax Services,CF,Mon Jun 28 21:12:00 MDT 2010,null
Hedda Rivera,CFCG-44,CFCG,CFO - Colateral Management,CF,Thu Aug 14 13:53:34 MDT 2014,null
Arthur Salas,ITDG-11,ITDG,Information Technology - Database Management,IT,Fri Sep 07 22:30:44 MDT 2007,null
Kadeem Jenkins,WMAM-65,WMAM,Wealth Management - Asset Management,WM,Wed Nov 08 04:32:38 MST 2006,null
Shana Crosby,GCTM-59,GCTM,General Counsel - Trade Monitoring,GC,Thu Feb 26 09:16:17 MST 2009,null
Jocelyn Pace,ITAR-17,ITAR,Information Technology - Architecture,IT,Sun Mar 02 20:08:58 MST 2008,null
Hop Meyer,CFDN-76,CFDN,CFO - Data Analytics,CF,Tue Jan 13 13:18:38 MST 2015,null
Jared Hahn,INCS-101,INCS,Investments - Client Services,IN,Mon Sep 18 00:24:54 MDT 2006,null
Yvonne Goodwin,GCSG-44,GCSG,General Counsel - Strategy,GC,Thu Dec 01 09:19:24 MST 2011,null
Jaime Holder,PBFI-59,PBFI,Private Banking - Finance,PB,Sun Dec 13 23:04:34 MST 2009,null
Kyle Hunt,PBFI-59,PBFI,Private Banking - Finance,PB,Mon Oct 14 04:38:17 MDT 2013,null
Shay Hobbs,WMBD-31,WMBD,Wealth Management - Business Development,WM,Thu Jun 09 17:18:19 MDT 2005,null
Ria Phelps,WMCP-31,WMCP,Wealth Management - Compliance,WM,Sat Oct 12 01:21:31 MDT 2013,null
Stephen Craig,ITNS-45,ITNS,Information Technology - Network Security,IT,Wed Jul 28 23:03:28 MDT 2010,null
Melinda Branch,WMAM-66,WMAM,Wealth Management - Asset Management,WM,Fri Dec 30 10:10:56 MST 2011,null
Dorothy Garrett,PBSP-713,PBSP,Private Banking - Support,PB,Fri Apr 17 09:47:58 MDT 2015,null
Mara Stephenson,PBCP-26,PBCP,Private Banking - Compliance,PB,Thu Dec 31 22:07:45 MST 2009,null
Rashad Mcneil,CFSS-74,CFSS,CFO - Security Services,CF,Thu Feb 20 06:47:48 MST 2014,null
Brody Osborne,RMIN-113,RMIN,Risk Management - Impact Analysis,RM,Wed Oct 01 04:36:35 MDT 2014,null
Camden Wood,WMCS-43,WMCS,Wealth Management - Client Services,WM,Thu Jun 24 18:59:46 MDT 2010,null
Sylvia Berry,RAMA-3,RAMA,Regulatory Affairs - Management & Admin,RA,Sat Mar 15 02:22:09 MDT 2008,null
Reese Clements,INCP,INCP,Investments - Compliance,IN,Sun Jan 30 05:27:39 MST 2011,null
Grady Guy,CFTP-990,CFTP,CFO - Treasury Operations,CF,Fri Jan 13 13:45:33 MST 2012,null
Maggy Melendez,RAIF-77,RAIF,Regulatory Affairs - Infrastructure,RA,Mon Aug 02 03:49:39 MDT 2010,null
Martha Frye,WMPF-33,WMPF,Wealth Management - Private Funds,WM,Mon Feb 21 15:18:53 MST 2011,null
Calista Fuentes,PBPC-19,PBPC,Private Banking - Process Management,PB,Wed Oct 01 15:55:53 MDT 2008,null
Idona Newman,RASG-37,RASG,Regulatory Affairs - Strategy,RA,Sun Nov 16 08:51:55 MST 2014,null
Graiden Manning,CFLQ-84,CFLQ,CFO - Liquidity,CF,Fri Nov 25 23:23:57 MST 2011,null
Keith Todd,PBBD-43,PBBD,Private Banking - Business Development,PB,Sat Aug 14 14:23:26 MDT 2010,null
Demetrius Randall,ITHE-365,ITHE,Information Technology - Hardware Engineering,IT,Wed Feb 07 11:06:42 MST 2007,null
Cherokee Castillo,ITHD-16,ITHD,Information Technology - Help Desk,IT,Fri Apr 26 18:41:45 MDT 2013,null
Sara Moss,GCMA-22,GCMA,General Counsel - Management & Admin,GC,Sun Dec 07 15:35:38 MST 2014,null
Larissa Bray,ITDA,ITDA,Information Technology - Data Architecture,IT,Sat Nov 11 04:16:16 MST 2006,null
Vivien Mckinney,INEM-12,INEM,Investments - Emerging Markets,IN,Tue Apr 18 04:29:20 MDT 2006,null
Ivana Fuller,PBBD-64,PBBD,Private Banking - Business Development,PB,Sun Sep 09 06:06:14 MDT 2012,null
Kyle David,INMA-543,INMA,Investments - Management & Admin,IN,Fri Mar 15 21:06:29 MDT 2013,null
Hilel Whitfield,HRIF-79,HRIF,Human Resources - Infrastructure,HR,Mon Nov 25 09:05:50 MST 2013,null
Yoko Raymond,INPB-28,INPB,Investments - Prime Brokerage,IN,Mon Nov 02 07:58:06 MST 2009,null
Whoopi Cameron,RMCL-31,RMCL,Risk Management - Collateral Risk,RM,Tue Aug 26 17:34:38 MDT 2008,null
Lawrence Bell,WMPM-342,WMPM,Wealth Management - Process Management,WM,Mon Oct 17 11:54:57 MDT 2011,null
Jesse Irwin,GCCP-11,GCCP,General Counsel - Compliance,GC,Fri Aug 04 12:44:34 MDT 2006,null
Larissa Wiggins,INIM-41,INIM,Investments - Index Market,IN,Sun Aug 03 21:07:28 MDT 2008,null
Justine Franks,WMPF-21,WMPF,Wealth Management - Private Funds,WM,Sat Jul 24 02:06:04 MDT 2010,null
Carla Glass,HRBN-556,HRBN,Human Resources - Benefits,HR,Mon Oct 29 23:38:36 MDT 2012,null
Donovan Lawson,CFPC,CFPC,CFO - Product Control,CF,Sat Jun 14 20:05:39 MDT 2014,null
Portia Middleton,RMOR-40,RMOR,Risk Management - Operational Risk Management,RM,Sat Nov 12 22:45:29 MST 2005,null
Boris Herman,CFRR-19,CFRR,CFO - Regulatory Reporting,CF,Mon Oct 06 05:54:14 MDT 2014,null
Channing Holcomb,GCIF-76,GCIF,General Counsel - Infrastructure,GC,Sat Nov 08 07:45:34 MST 2008,null
Indira Lara,HRBP-79,HRBP,Human Resources - HR Business Partners,HR,Sun Oct 26 07:55:07 MDT 2014,null
Howard Cline,RAMA,RAMA,Regulatory Affairs - Management & Admin,RA,Mon Jan 04 14:37:21 MST 2010,null
Anika Pace,ITCS-74,ITCS,Information Technology - Cyber Security,IT,Sun Sep 10 12:47:32 MDT 2006,null
Avram Hardy,GCSG-45,GCSG,General Counsel - Strategy,GC,Mon Jun 27 15:57:21 MDT 2011,null
Ella Dickerson,INAD-29,INAD,Investments - Audit,IN,Sat Jun 09 00:18:33 MDT 2007,null
Perry Myers,PBSP,PBSP,Private Banking - Support,PB,Fri Oct 19 07:58:31 MDT 2012,null
Nehru Newman,ITOP-103,ITOP,Information Technology - Operations,IT,Sun Feb 15 09:59:05 MST 2009,null
Colt Garner,ITHE-36,ITHE,Information Technology - Hardware Engineering,IT,Mon May 28 15:51:32 MDT 2007,null
Emerson Hernandez,WMMK-102,WMMK,Wealth Management - Marketing,WM,Thu Jul 09 13:25:28 MDT 2009,null
Gregory Huber,RASX-143,RASX,Regulatory Affairs - SOX Governance,RA,Thu Oct 22 16:20:50 MDT 2009,null
Yen Pope,INAD-40,INAD,Investments - Audit,IN,Tue Sep 09 14:30:01 MDT 2008,null
Neve Mcfarland,WMOP-12,WMOP,Wealth Management - Operations,WM,Tue Aug 24 08:37:08 MDT 2010,null
Theodore Irwin,CFOP-1,CFOP,CFO - Operations,CF,Thu Mar 10 10:02:30 MST 2011,null
Martena Jacobs,CFTP-321,CFTP,CFO - Treasury Operations,CF,Sat Oct 07 13:16:26 MDT 2006,null
Kelsey Mueller,PBFI-55,PBFI,Private Banking - Finance,PB,Mon May 16 15:51:05 MDT 2011,null
Hall Cameron,RMCR-74,RMCR,Risk Management - Credit Risk Management,RM,Fri Jul 09 00:14:41 MDT 2010,null
Donna Foster,INRA-31,INRA,Investments - Reporting and Analytics,IN,Sat Oct 15 08:18:48 MDT 2011,null
Shana Medina,CFLO-62,CFLO,CFO - Loan Origination,CF,Sun Jul 29 07:50:35 MDT 2012,null
Dean Barlow,CFRR-17,CFRR,CFO - Regulatory Reporting,CF,Sun Feb 27 04:40:33 MST 2011,null
Zenaida Bowen,ITHD,ITHD,Information Technology - Help Desk,IT,Thu Dec 25 07:55:02 MST 2014,null
Tana Underwood,CFRR-17,CFRR,CFO - Regulatory Reporting,CF,Thu May 24 10:26:55 MDT 2007,null
Donna Shepard,WMOP-342,WMOP,Wealth Management - Operations,WM,Sun Apr 25 13:35:44 MDT 2010,null
Quyn Hull,INSG-65,INSG,Investments - Strategy,IN,Mon Jun 16 12:58:58 MDT 2014,null
Cheyenne Sandoval,ITIS-75,ITIS,Information Technology - Integration Services,IT,Sun Oct 11 07:07:47 MDT 2009,null
Charde Meadows,INSG-67,INSG,Investments - Strategy,IN,Fri Jul 13 15:07:58 MDT 2012,null
Winter Pena,RAIF-41,RAIF,Regulatory Affairs - Infrastructure,RA,Sat Mar 17 08:15:00 MDT 2012,null
Donna Molina,CFMA-22,CFMA,CFO - Management & Admin,CF,Sun Apr 06 16:50:45 MDT 2008,null
Mohammad Lee,PBAD-85,PBAD,Private Banking - Audit,PB,Tue Apr 22 06:47:27 MDT 2008,null
Kirestin Ryan,PBCS-77,PBCS,Private Banking - Client Services,PB,Sun May 21 16:00:44 MDT 2006,null
Demetrius Webb,INOP-55,INOP,Investments - Operations,IN,Wed May 29 14:34:09 MDT 2013,null
Ava Boyer,RMMR-365,RMMR,Risk Management - Market Risk Management,RM,Mon Dec 06 09:38:14 MST 2010,null
Brady Stout,CFIF-714,CFIF,CFO - Infrastructure,CF,Mon Jun 23 10:15:47 MDT 2014,null
Regina Taylor,CFSS-73,CFSS,CFO - Security Services,CF,Sun Feb 22 22:04:09 MST 2009,null
Griffin Lancaster,RMOR-24,RMOR,Risk Management - Operational Risk Management,RM,Tue Sep 08 05:39:38 MDT 2009,null
Maryam Rosales,CFBA-66,CFBA,CFO - Business Architecture,CF,Fri Mar 14 22:25:00 MDT 2014,null
Wallace Mays,INEM-75,INEM,Investments - Emerging Markets,IN,Wed Aug 13 21:48:21 MDT 2014,null
Baker Talley,RMCO-73,RMCO,Risk Management - Chief Risk Officer (CRO),RM,Fri Nov 28 22:38:59 MST 2014,null
Lareina Prince,INRD-598,INRD,Investments - Reference Data Management,IN,Mon Jan 16 03:41:03 MST 2012,null
Julian Kelly,ITCS-74,ITCS,Information Technology - Cyber Security,IT,Sun Jan 30 07:13:09 MST 2011,null
Beck Brewer,GCOP-24,GCOP,General Counsel - Operations,GC,Sat Aug 10 05:08:04 MDT 2013,null
Wynne Hawkins,RASG-22,RASG,Regulatory Affairs - Strategy,RA,Thu Dec 09 09:53:59 MST 2010,null
Louis Mckenzie,INRD-34,INRD,Investments - Reference Data Management,IN,Thu Jan 10 14:43:22 MST 2013,null
Shoshana Thompson,ITTT-6,ITTT,Information Technology - Trading Technologies,IT,Tue Nov 08 06:05:52 MST 2005,null
Cooper Sweeney,ITIF-88,ITIF,Information Technology - Infrastructure,IT,Sat Dec 18 02:34:09 MST 2010,null
Phoebe Blake,INRD-511,INRD,Investments - Reference Data Management,IN,Sat Aug 31 17:23:31 MDT 2013,null
Maggie Stanley,RAIF-79,RAIF,Regulatory Affairs - Infrastructure,RA,Wed Apr 09 05:39:37 MDT 2008,null
Molly Harper,HRER-85,HRER,Human Resources - Employee Relations,HR,Tue Jul 20 07:44:25 MDT 2010,null
Stephanie Sims,INSP-79,INSP,Investments - Support,IN,Mon Nov 21 15:49:31 MST 2005,null
Jonas Chaney,CFLQ-86,CFLQ,CFO - Liquidity,CF,Fri Mar 27 23:32:06 MDT 2015,null
Cadman Baldwin,ITMA-77,ITMA,Information Technology - Management & Admin,IT,Wed Mar 14 19:55:33 MDT 2007,null
Aurora Nguyen,INRD,INRD,Investments - Reference Data Management,IN,Thu May 03 02:29:33 MDT 2012,null
Driscoll Allen,CMAD-543,CMAD,Communications - Advertising,CM,Thu Oct 17 10:33:51 MDT 2013,null
Marny Gaines,CFIF-53,CFIF,CFO - Infrastructure,CF,Wed Nov 25 23:36:08 MST 2009,null
Emmanuel Holden,INMA,INMA,Investments - Management & Admin,IN,Fri Feb 20 22:45:11 MST 2009,null
Brennan Terry,GCTM-34,GCTM,General Counsel - Trade Monitoring,GC,Fri Jun 13 02:44:11 MDT 2014,null
Caleb Benjamin,INCV-69,INCV,Investments - Credit Valuation Adjustment,IN,Wed Oct 30 22:08:14 MDT 2013,null
Preston Strong,RMPM-12,RMPM,Risk Management - Portfolio Management,RM,Sun Apr 19 20:46:49 MDT 2009,null
Stacey Jordan,INPB-33,INPB,Investments - Prime Brokerage,IN,Wed Jan 25 14:11:55 MST 2006,null
Sylvia Wise,ITOP-878,ITOP,Information Technology - Operations,IT,Wed Jul 13 10:05:39 MDT 2005,null
Maisie Conrad,ITDS-92,ITDS,Information Technology - Data Assurance,IT,Sat Sep 08 20:26:08 MDT 2012,null
Erich Marquez,HRHR-78,HRHR,Human Resources - Hiring,HR,Sat Mar 19 20:00:20 MDT 2011,null
Raven Rojas,GCTM-36,GCTM,General Counsel - Trade Monitoring,GC,Sun May 18 17:07:38 MDT 2014,null
Octavia Simon,HRAM-31,HRAM,Human Resources - Access Management,HR,Fri Apr 07 20:05:14 MDT 2006,null
Deborah Garcia,WMPG-12,WMPG,Wealth Management - Portfolio Management,WM,Mon Sep 19 04:33:18 MDT 2011,null
Xerxes Lester,INMA-14,INMA,Investments - Management & Admin,IN,Mon Oct 01 07:28:23 MDT 2007,null
Mannix Rosales,ITDS-85,ITDS,Information Technology - Data Assurance,IT,Fri Jun 29 04:26:52 MDT 2012,null
Uta Spencer,CFRR-18,CFRR,CFO - Regulatory Reporting,CF,Sat Oct 04 06:24:40 MDT 2008,null
Austin Christian,WMPN-11,WMPN,Wealth Management - Portfolio Analysis,WM,Sat May 02 15:47:54 MDT 2009,null
Kieran Jordan,INSG-45,INSG,Investments - Strategy,IN,Wed Jul 06 15:09:11 MDT 2005,null
Melissa Hampton,ITNS-76,ITNS,Information Technology - Network Security,IT,Sat May 17 19:29:22 MDT 2014,null
Griffith Newton,ITOP-101,ITOP,Information Technology - Operations,IT,Fri Sep 30 02:42:41 MDT 2011,null
Kenyon Macias,RAMA-22,RAMA,Regulatory Affairs - Management & Admin,RA,Thu Jan 31 12:47:16 MST 2013,null
Mona Browning,PBSP-143,PBSP,Private Banking - Support,PB,Sun Feb 18 15:00:31 MST 2007,null
Rogan Kirk,WMSG-18,WMSG,Wealth Management - Strategy,WM,Thu Jun 06 13:27:01 MDT 2013,null
Harding Medina,PBMA-15,PBMA,Private Banking - Management & Admin,PB,Sun Jun 17 03:20:59 MDT 2007,null
Nasim Garza,INRD-12,INRD,Investments - Reference Data Management,IN,Mon Oct 22 21:06:14 MDT 2007,null
Austin Perkins,INFI-40,INFI,Investments - Finance,IN,Sun Aug 08 03:38:07 MDT 2010,null
Serena Hood,INMA-7,INMA,Investments - Management & Admin,IN,Tue Feb 12 03:18:03 MST 2013,null
Jason Mcmillan,PBSP-713,PBSP,Private Banking - Support,PB,Sun Aug 07 17:19:58 MDT 2005,null
Meghan Wilkins,RAOP-74,RAOP,Regulatory Affairs - Operations,RA,Wed Dec 02 03:33:21 MST 2009,null
Darius Ferguson,INIM-66,INIM,Investments - Index Market,IN,Sat Mar 29 11:37:49 MDT 2008,null
Fleur Odom,INCG-66,INCG,Investments - Capital Management,IN,Fri Aug 29 12:15:06 MDT 2008,null
William Sears,WMAM-65,WMAM,Wealth Management - Asset Management,WM,Thu Feb 26 08:02:31 MST 2015,null
Ishmael Massey,INMK-1,INMK,Investments - Marketing,IN,Fri May 20 04:40:21 MDT 2011,null
Hermione Eaton,GCTM-77,GCTM,General Counsel - Trade Monitoring,GC,Mon Jan 17 21:07:07 MST 2011,null
Jakeem Barlow,INCP-94,INCP,Investments - Compliance,IN,Sat Apr 12 07:51:16 MDT 2008,null
Macaulay Barron,PBCP-15,PBCP,Private Banking - Compliance,PB,Thu Apr 10 22:41:59 MDT 2014,null
Lois Watkins,CFTX-56,CFTX,CFO - Tax Services,CF,Sun May 27 13:23:58 MDT 2012,null
Alika Stafford,ITSP,ITSP,Information Technology - Special Projects,IT,Sun Jun 12 21:16:05 MDT 2005,null
Brandon Sargent,ITMA-43,ITMA,Information Technology - Management & Admin,IT,Mon Oct 01 01:01:05 MDT 2012,null
Nell Gross,CMAD-713,CMAD,Communications - Advertising,CM,Mon Dec 08 00:17:57 MST 2008,null
Martina Frank,CFIF-39,CFIF,CFO - Infrastructure,CF,Tue Dec 14 11:14:52 MST 2010,null
Lareina Burns,ITIF-72,ITIF,Information Technology - Infrastructure,IT,Sun Aug 21 11:12:23 MDT 2005,null
Chadwick Kim,HRPY-44,HRPY,Human Resources - Payroll,HR,Tue Aug 26 05:27:30 MDT 2014,null
Dolan Rogers,ITSE-714,ITSE,Information Technology - Systems Engineering,IT,Thu Sep 16 13:41:37 MDT 2010,null
Griffin Garrett,RMOP-46,RMOP,Risk Management - Operations,RM,Fri Oct 21 05:41:39 MDT 2011,null
Shelby Rivas,PBBD-62,PBBD,Private Banking - Business Development,PB,Wed Jan 02 02:57:04 MST 2008,null
Yoshio Payne,CFTV-43,CFTV,CFO - Trade Validation,CF,Mon Mar 21 16:53:41 MDT 2011,null
Winifred Shaffer,RMCL,RMCL,Risk Management - Collateral Risk,RM,Sat May 28 06:53:46 MDT 2011,null
April Patrick,CFRR-13,CFRR,CFO - Regulatory Reporting,CF,Sun Oct 20 19:32:35 MDT 2013,null
Sylvester Davidson,INSR-14,INSR,Investments - Strategic Risk,IN,Mon Nov 15 00:47:28 MST 2010,null
Marny Campbell,HRAM-113,HRAM,Human Resources - Access Management,HR,Wed Mar 16 23:47:30 MDT 2011,null
Thomas Nicholson,INMK,INMK,Investments - Marketing,IN,Sat Dec 04 20:48:31 MST 2010,null
Naomi Douglas,RMIN-712,RMIN,Risk Management - Impact Analysis,RM,Sat May 23 03:50:47 MDT 2009,null
Micah Holcomb,INDR-46,INDR,Investments - Derivatives Management,IN,Wed May 01 10:00:49 MDT 2013,null
Linus Love,PBAD-84,PBAD,Private Banking - Audit,PB,Sat Feb 11 22:00:23 MST 2006,null
Yardley Montoya,INMA-1,INMA,Investments - Management & Admin,IN,Sat Nov 05 13:36:25 MDT 2011,null
Basil Huffman,INEM-598,INEM,Investments - Emerging Markets,IN,Tue Dec 20 10:13:39 MST 2005,null
Risa Mcgee,WMSP-78,WMSP,Wealth Management - Support,WM,Sun Oct 20 03:46:50 MDT 2013,null
Erich Hahn,RAIF-78,RAIF,Regulatory Affairs - Infrastructure,RA,Tue Jul 12 09:42:01 MDT 2011,null
Keelie Hebert,CFTP,CFTP,CFO - Treasury Operations,CF,Tue Nov 03 23:45:23 MST 2009,null
Hanna Douglas,GCOP-34,GCOP,General Counsel - Operations,GC,Mon Feb 18 06:16:47 MST 2008,null
Brett Schroeder,RMIN-342,RMIN,Risk Management - Impact Analysis,RM,Sat Mar 08 12:42:46 MST 2014,null
Aristotle Walton,INIM-44,INIM,Investments - Index Market,IN,Mon Aug 22 05:05:21 MDT 2005,null
Rahim Benjamin,ITDM-13,ITDM,Information Technology - Data Management,IT,Wed Oct 03 07:16:02 MDT 2007,null
Steven Parker,INCP-86,INCP,Investments - Compliance,IN,Tue Nov 13 23:01:04 MST 2007,null
Sawyer Gallagher,ITTT-41,ITTT,Information Technology - Trading Technologies,IT,Fri Oct 21 13:39:28 MDT 2005,null
Carlos Le,ITOP-322,ITOP,Information Technology - Operations,IT,Tue Sep 14 03:14:47 MDT 2010,null
Lawrence Compton,WMOP-543,WMOP,Wealth Management - Operations,WM,Thu Apr 09 17:45:55 MDT 2009,null
Melinda Hendricks,PBMA-13,PBMA,Private Banking - Management & Admin,PB,Sun Mar 27 14:07:27 MDT 2011,null
Veronica Roman,INPS-20,INPS,Investments - Prime Services,IN,Wed Jun 29 02:36:05 MDT 2005,null
Owen Salazar,ITCM-24,ITCM,Information Technology - Configuration Management,IT,Sat Feb 09 04:16:29 MST 2008,null
Blake Johnston,INIM-67,INIM,Investments - Index Market,IN,Tue Feb 03 08:49:00 MST 2009,null
Uma Rush,PBIF,PBIF,Private Banking - Infrastructure,PB,Mon Jun 11 12:12:58 MDT 2007,null
Darrel Dyer,ITDS-85,ITDS,Information Technology - Data Assurance,IT,Fri Nov 25 05:51:29 MST 2005,null
Myles Rich,ITHE-7,ITHE,Information Technology - Hardware Engineering,IT,Sat Nov 07 23:57:07 MST 2009,null
Nita Sherman,ITPD,ITPD,Information Technology - Product Management,IT,Mon Mar 20 01:28:31 MST 2006,null
Shelby Larsen,INIM-67,INIM,Investments - Index Market,IN,Sun Sep 13 02:32:20 MDT 2009,null
Kenyon Yang,ITSE-75,ITSE,Information Technology - Systems Engineering,IT,Fri Jul 11 09:57:45 MDT 2014,null
Brandon Mueller,CFBA-74,CFBA,CFO - Business Architecture,CF,Mon Sep 27 06:09:33 MDT 2010,null
Lucy Rodriguez,INSG-77,INSG,Investments - Strategy,IN,Thu Mar 21 09:28:52 MDT 2013,null
Patricia Decker,RASX-12,RASX,Regulatory Affairs - SOX Governance,RA,Sun Jan 08 15:03:32 MST 2006,null
George Giles,ITDM-33,ITDM,Information Technology - Data Management,IT,Wed Sep 10 17:07:48 MDT 2014,null
Aimee Bass,PBCP-40,PBCP,Private Banking - Compliance,PB,Wed Feb 06 19:10:21 MST 2013,null
Madeson Mullen,ITIF-88,ITIF,Information Technology - Infrastructure,IT,Tue Mar 11 11:27:04 MDT 2008,null
Lillian Solis,PBCH,PBCH,Private Banking - Cash Service,PB,Sun Jun 03 04:35:30 MDT 2007,null
Brynn Davidson,INCS-102,INCS,Investments - Client Services,IN,Thu Nov 11 22:26:46 MST 2010,null
Dylan Pugh,RMCL-1,RMCL,Risk Management - Collateral Risk,RM,Sun Nov 25 00:55:33 MST 2007,null
Jeanette Gross,CFMN-66,CFMN,CFO - Market Analysis,CF,Fri Nov 30 18:19:35 MST 2007,null
Sopoline Clay,INCP,INCP,Investments - Compliance,IN,Sat Mar 15 12:55:42 MDT 2014,null
Lillian Terrell,WMAM-46,WMAM,Wealth Management - Asset Management,WM,Fri Dec 29 04:31:05 MST 2006,null
Lael Hatfield,PBSG-2,PBSG,Private Banking - Strategy,PB,Sun Jul 17 03:03:32 MDT 2011,null
Bert Coleman,ITPD-3,ITPD,Information Technology - Product Management,IT,Sat Dec 24 09:34:29 MST 2011,null
Dominique Robles,ITTV-86,ITTV,Information Technology - Technical Services,IT,Mon Feb 11 08:53:46 MST 2013,null
Cain Boone,CFBA-78,CFBA,CFO - Business Architecture,CF,Wed Apr 18 05:24:17 MDT 2007,null
Eden Mcdowell,CFBA-77,CFBA,CFO - Business Architecture,CF,Wed Mar 23 13:29:25 MDT 2011,null
Solomon Kirk,ITTV-86,ITTV,Information Technology - Technical Services,IT,Fri Mar 11 08:19:14 MST 2011,null
Felicia Odom,ITSE-543,ITSE,Information Technology - Systems Engineering,IT,Fri Nov 13 23:22:57 MST 2009,null
Macey Blankenship,ITPD-32,ITPD,Information Technology - Product Management,IT,Sat Oct 26 12:10:13 MDT 2013,null
Leo Stuart,PBBD-6,PBBD,Private Banking - Business Development,PB,Thu Mar 11 16:26:37 MST 2010,null
Erica Key,RASX-598,RASX,Regulatory Affairs - SOX Governance,RA,Fri Aug 05 08:35:55 MDT 2011,null
Plato Pugh,PBFI-81,PBFI,Private Banking - Finance,PB,Wed Sep 24 08:00:46 MDT 2008,null
Fletcher Oneil,INDR-79,INDR,Investments - Derivatives Management,IN,Mon Dec 13 23:25:40 MST 2010,null
Madaline Parrish,ITDM-21,ITDM,Information Technology - Data Management,IT,Wed Sep 25 02:39:15 MDT 2013,null
Neville Hogan,PBBD-44,PBBD,Private Banking - Business Development,PB,Sat Jan 21 13:32:45 MST 2006,null
Urielle May,HRPY-90,HRPY,Human Resources - Payroll,HR,Sun May 05 11:56:20 MDT 2013,null
Ralph Hoffman,INMA-113,INMA,Investments - Management & Admin,IN,Thu Mar 04 03:59:36 MST 2010,null
Geraldine Cotton,GCCP,GCCP,General Counsel - Compliance,GC,Wed Jan 14 02:31:47 MST 2015,null
Paul Hamilton,GCTM-342,GCTM,General Counsel - Trade Monitoring,GC,Mon Nov 23 12:05:24 MST 2009,null
Elizabeth Diaz,PBBD-43,PBBD,Private Banking - Business Development,PB,Fri Dec 19 17:24:02 MST 2014,null
Ethan Fitzpatrick,WMIF-69,WMIF,Wealth Management - Infrastructure,WM,Fri Jan 30 08:11:44 MST 2009,null
Georgia Cherry,PBFP-33,PBFP,Private Banking - Financial Planning,PB,Thu Sep 25 19:54:14 MDT 2014,null
Fuller Freeman,ITSE-34,ITSE,Information Technology - Systems Engineering,IT,Sun Jan 29 10:58:10 MST 2012,null
Deborah Kirk,INRD-13,INRD,Investments - Reference Data Management,IN,Tue Jun 05 12:16:01 MDT 2012,null
Buffy Chambers,GCIF-68,GCIF,General Counsel - Infrastructure,GC,Thu Oct 20 18:34:20 MDT 2011,null
Aimee Maynard,INEM-31,INEM,Investments - Emerging Markets,IN,Thu Oct 25 07:59:06 MDT 2007,null
Jolie Walker,ITSE-57,ITSE,Information Technology - Systems Engineering,IT,Tue Feb 10 15:44:47 MST 2015,null
Wilma Henderson,PBSG-31,PBSG,Private Banking - Strategy,PB,Thu Jun 11 12:52:01 MDT 2009,null
Carson Henry,WMPM-342,WMPM,Wealth Management - Process Management,WM,Sun Oct 12 06:32:29 MDT 2014,null
Christopher Moreno,GCMA-1,GCMA,General Counsel - Management & Admin,GC,Wed May 05 00:51:08 MDT 2010,null
Ralph Buckner,WMPM-712,WMPM,Wealth Management - Process Management,WM,Thu May 02 05:54:02 MDT 2013,null
Maxine Levine,RASG-33,RASG,Regulatory Affairs - Strategy,RA,Thu Jun 15 09:19:43 MDT 2006,null
Marshall Donovan,CMOP-94,CMOP,Communications - Operations,CM,Fri Jun 30 23:24:39 MDT 2006,null
Plato Potts,WMIC-91,WMIC,Wealth Management - Investment Consulting,WM,Sun Jul 30 02:18:05 MDT 2006,null
Karleigh Wong,PBPC-15,PBPC,Private Banking - Process Management,PB,Fri Sep 27 18:27:01 MDT 2013,null
Timothy Schroeder,INMA-11,INMA,Investments - Management & Admin,IN,Mon May 26 19:18:30 MDT 2014,null
Talon Montoya,WMWP-322,WMWP,Wealth Management - Wealth Planning,WM,Fri Jul 07 14:32:03 MDT 2006,null
Basia Griffith,WMIF-44,WMIF,Wealth Management - Infrastructure,WM,Sat Feb 01 01:16:35 MST 2014,null
Callie Stanley,CMOP-94,CMOP,Communications - Operations,CM,Sat Jul 02 04:24:16 MDT 2011,null
Justina Wheeler,WMOP-34,WMOP,Wealth Management - Operations,WM,Mon May 27 11:30:24 MDT 2013,null
Angela Campos,ITEM-13,ITEM,Information Technology - Enterprise Management,IT,Mon Aug 07 08:23:12 MDT 2006,null
Imelda Hernandez,PBCP-39,PBCP,Private Banking - Compliance,PB,Mon Jun 02 20:13:10 MDT 2008,null
Alisa Rutledge,CFTX-57,CFTX,CFO - Tax Services,CF,Thu Jun 30 22:05:25 MDT 2011,null
Quinn Bradley,CMAD-36,CMAD,Communications - Advertising,CM,Thu Oct 18 15:04:30 MDT 2012,null
Scarlet Mcintosh,INRD-3,INRD,Investments - Reference Data Management,IN,Thu Aug 23 04:48:28 MDT 2007,null
Ezra Greene,RMPM-11,RMPM,Risk Management - Portfolio Management,RM,Fri Oct 15 07:05:41 MDT 2010,null
Abigail Solis,CMSG-26,CMSG,Communications - Strategy,CM,Fri Jul 29 12:26:25 MDT 2005,null
Irene Hogan,HRHR-66,HRHR,Human Resources - Hiring,HR,Fri Jan 25 01:50:07 MST 2008,null
Taylor Perez,CFLO-42,CFLO,CFO - Loan Origination,CF,Wed Sep 28 00:17:48 MDT 2011,null
Cassandra Martinez,WMPN-26,WMPN,Wealth Management - Portfolio Analysis,WM,Wed Sep 16 12:43:00 MDT 2009,null
Orla Norman,WMPM-77,WMPM,Wealth Management - Process Management,WM,Thu Jun 30 17:43:09 MDT 2005,null
Darrel Hammond,ITPD-3,ITPD,Information Technology - Product Management,IT,Sun Sep 06 19:45:08 MDT 2009,null
Ori Reese,ITDG-12,ITDG,Information Technology - Database Management,IT,Wed Jan 07 00:44:06 MST 2009,null
Rosalyn Garza,CFPC,CFPC,CFO - Product Control,CF,Fri Feb 24 21:29:59 MST 2012,null
September Blevins,HRRC-39,HRRC,Human Resources - Recruiting,HR,Mon Jun 18 16:02:52 MDT 2007,null
Briar Ortega,ITDT-76,ITDT,Information Technology - Development Tools,IT,Thu Oct 30 12:02:05 MDT 2008,null
Lee Woodard,WMSP-43,WMSP,Wealth Management - Support,WM,Fri Oct 05 10:40:01 MDT 2012,null
Trevor Gillespie,CFCR-12,CFCR,CFO - Commercial Real Estate Services,CF,Sun Jan 01 02:46:54 MST 2012,null
Benedict Morrison,INER-26,INER,Investments - Economic Research,IN,Sat Nov 04 05:45:00 MST 2006,null
Blossom England,INER-24,INER,Investments - Economic Research,IN,Tue Nov 25 22:06:36 MST 2014,null
Dominique Austin,ITCM-2,ITCM,Information Technology - Configuration Management,IT,Wed Dec 17 07:36:49 MST 2014,null
Cade Guerrero,HRSG-37,HRSG,Human Resources - Strategy,HR,Sat Aug 16 06:12:26 MDT 2008,null
Rana Acosta,CFMN-46,CFMN,CFO - Market Analysis,CF,Wed Oct 17 23:23:19 MDT 2007,null
Amity Watson,HRHR-75,HRHR,Human Resources - Hiring,HR,Fri Dec 04 20:30:10 MST 2009,null
Blaine Blevins,WMOP-34,WMOP,Wealth Management - Operations,WM,Sun Jan 05 18:45:17 MST 2014,null
Whilemina Chaney,ITSE-511,ITSE,Information Technology - Systems Engineering,IT,Wed Apr 30 23:27:00 MDT 2014,null
Ignatius Bernard,PBBD-42,PBBD,Private Banking - Business Development,PB,Fri Feb 09 08:12:50 MST 2007,null
Fiona Kelly,PBCP,PBCP,Private Banking - Compliance,PB,Mon Feb 23 21:44:11 MST 2015,null
Bruce Mills,INCS-990,INCS,Investments - Client Services,IN,Fri May 27 07:03:42 MDT 2011,null
Simone Maynard,RMPM-13,RMPM,Risk Management - Portfolio Management,RM,Wed Nov 15 03:05:10 MST 2006,null
Lois Whitney,HRSG-15,HRSG,Human Resources - Strategy,HR,Thu Jul 22 16:25:58 MDT 2010,null
Guinevere Perkins,PBAD-93,PBAD,Private Banking - Audit,PB,Tue Jan 24 12:18:13 MST 2006,null
Tanisha Soto,ITDT-45,ITDT,Information Technology - Development Tools,IT,Wed Sep 03 11:58:25 MDT 2014,null
Amal Clemons,CFSS,CFSS,CFO - Security Services,CF,Sat Dec 19 13:28:51 MST 2009,null
Jana Cunningham,HRHR-77,HRHR,Human Resources - Hiring,HR,Sun Jan 18 22:16:09 MST 2009,null
Wyatt Cortez,ITNS-44,ITNS,Information Technology - Network Security,IT,Fri Feb 24 06:13:27 MST 2006,null
Ann Cooper,ITPD-23,ITPD,Information Technology - Product Management,IT,Fri Mar 02 21:12:12 MST 2007,null
Malik Munoz,WMOP-31,WMOP,Wealth Management - Operations,WM,Thu Mar 31 01:21:19 MDT 2011,null
Lewis Hahn,CMSG-14,CMSG,Communications - Strategy,CM,Sat Mar 05 23:11:31 MST 2011,null
Tashya Rogers,INMA-143,INMA,Investments - Management & Admin,IN,Mon Aug 28 00:17:46 MDT 2006,null
Roary Thomas,CFTV-77,CFTV,CFO - Trade Validation,CF,Fri Nov 14 22:57:31 MST 2014,null
Kyle Vega,ITCM-33,ITCM,Information Technology - Configuration Management,IT,Tue Oct 14 21:01:01 MDT 2008,null
Quinlan Lindsay,ITDA-28,ITDA,Information Technology - Data Architecture,IT,Wed Apr 24 21:20:21 MDT 2013,null
Cairo Rosa,INER-32,INER,Investments - Economic Research,IN,Mon Nov 11 00:14:41 MST 2013,null
Raja Buckner,CFBA-7,CFBA,CFO - Business Architecture,CF,Tue Mar 11 13:46:24 MDT 2008,null
Kasper Guerrero,ITDM-15,ITDM,Information Technology - Data Management,IT,Mon Jun 25 01:23:01 MDT 2007,null
Jemima Richard,WMPF-26,WMPF,Wealth Management - Private Funds,WM,Thu Dec 07 22:36:39 MST 2006,null
Russell Thomas,RAIF-74,RAIF,Regulatory Affairs - Infrastructure,RA,Sun May 21 19:26:46 MDT 2006,null
Cathleen Jefferson,CFTV-44,CFTV,CFO - Trade Validation,CF,Tue Jan 06 17:18:54 MST 2009,null
Isaiah Horton,CFGF-1,CFGF,CFO - Group Finance,CF,Sat Nov 25 20:20:21 MST 2006,null
Orson Moses,RAIF-76,RAIF,Regulatory Affairs - Infrastructure,RA,Sat Feb 20 22:45:48 MST 2010,null
Melinda Rodgers,CFMA-39,CFMA,CFO - Management & Admin,CF,Tue May 29 18:07:41 MDT 2007,null
Halla Jacobs,ITNS-76,ITNS,Information Technology - Network Security,IT,Wed Oct 03 19:54:12 MDT 2012,null
Lara Parks,WMIF-78,WMIF,Wealth Management - Infrastructure,WM,Wed Feb 26 22:04:25 MST 2014,null
Aurora Richard,RMTA-43,RMTA,Risk Management - Trade Analysis,RM,Mon May 19 00:20:14 MDT 2008,null
Velma Moore,HRSG-14,HRSG,Human Resources - Strategy,HR,Sat Jul 07 05:48:39 MDT 2007,null
Zia Dominguez,ITDT-69,ITDT,Information Technology - Development Tools,IT,Mon Dec 07 09:40:31 MST 2009,null
Aspen Franco,INSR-39,INSR,Investments - Strategic Risk,IN,Wed Feb 17 03:10:49 MST 2010,null
Kyle Hodge,ITSE-11,ITSE,Information Technology - Systems Engineering,IT,Wed Feb 06 21:00:34 MST 2008,null
Camilla Terrell,ITHE-543,ITHE,Information Technology - Hardware Engineering,IT,Sat Feb 09 00:39:02 MST 2008,null
Chelsea Castro,RMOR-12,RMOR,Risk Management - Operational Risk Management,RM,Fri Aug 06 12:37:37 MDT 2010,null
Mark Wong,ITDG-11,ITDG,Information Technology - Database Management,IT,Sun May 23 20:26:35 MDT 2010,null
Michael Nunez,WMPG,WMPG,Wealth Management - Portfolio Management,WM,Mon Jul 21 07:25:05 MDT 2014,null
Keefe Cantu,PBOP-85,PBOP,Private Banking - Operations,PB,Wed Aug 19 09:53:25 MDT 2009,null
Gretchen Wise,ITEM-36,ITEM,Information Technology - Enterprise Management,IT,Sat Aug 28 20:53:54 MDT 2010,null
Priscilla Skinner,WMAD-74,WMAD,Wealth Management - Audit,WM,Mon Jul 26 08:07:53 MDT 2010,null
Angela Copeland,WMMK-990,WMMK,Wealth Management - Marketing,WM,Tue Sep 06 07:57:17 MDT 2005,null
Nero Brennan,WMPF-29,WMPF,Wealth Management - Private Funds,WM,Thu Oct 27 13:22:42 MDT 2005,null
Timon Levy,INFI-37,INFI,Investments - Finance,IN,Thu Mar 24 16:42:36 MDT 2011,null
Stella Mclean,CFTX-55,CFTX,CFO - Tax Services,CF,Tue Dec 28 02:50:26 MST 2010,null
Allegra Simmons,RMMR-7,RMMR,Risk Management - Market Risk Management,RM,Sun Dec 04 12:14:18 MST 2005,null
Dawn Fischer,ITTV-85,ITTV,Information Technology - Technical Services,IT,Tue Jul 06 11:33:26 MDT 2010,null
Suki Franklin,CFRR,CFRR,CFO - Regulatory Reporting,CF,Mon May 05 00:38:50 MDT 2014,null
Yuli Velasquez,HRER,HRER,Human Resources - Employee Relations,HR,Wed Mar 25 14:49:54 MDT 2015,null
Carly Sharp,ITTT-74,ITTT,Information Technology - Trading Technologies,IT,Sun Feb 05 23:51:44 MST 2012,null
Castor Bradley,WMPN-32,WMPN,Wealth Management - Portfolio Analysis,WM,Tue Jun 14 09:38:50 MDT 2011,null
Jacqueline Snider,RMOR-12,RMOR,Risk Management - Operational Risk Management,RM,Thu Jan 29 21:34:40 MST 2009,null
Fuller Wagner,CFCO-16,CFCO,CFO - Credit Operations,CF,Thu Feb 02 07:30:27 MST 2012,null
Caryn Bruce,ITAM-598,ITAM,Information Technology - Application Management,IT,Sat Sep 30 09:34:59 MDT 2006,null
Amos Torres,INIM-62,INIM,Investments - Index Market,IN,Thu Jun 11 05:18:16 MDT 2009,null
Hadley Carney,WMCS-76,WMCS,Wealth Management - Client Services,WM,Sun Aug 21 01:09:18 MDT 2005,null
Nissim Nieves,ITAM-714,ITAM,Information Technology - Application Management,IT,Fri Aug 03 00:50:09 MDT 2007,null
Lev Solis,CMSG-11,CMSG,Communications - Strategy,CM,Mon Nov 10 13:10:02 MST 2014,null
Calista Wilcox,ITSE-7,ITSE,Information Technology - Systems Engineering,IT,Fri Dec 12 03:20:18 MST 2008,null
Shana Bell,GCIF-79,GCIF,General Counsel - Infrastructure,GC,Sun Jun 17 09:30:46 MDT 2007,null
Rahim Rose,WMCP-11,WMCP,Wealth Management - Compliance,WM,Fri Jan 22 23:28:57 MST 2010,null
Basia Terry,INEM-1,INEM,Investments - Emerging Markets,IN,Thu Apr 18 19:39:24 MDT 2013,null
Marah Fitzpatrick,ITSP-90,ITSP,Information Technology - Special Projects,IT,Mon Sep 07 19:12:32 MDT 2009,null
Frank Oberhart,CMSG-25,CMSG,Communications - Strategy,CM,Thu Feb 21 18:09:36 MST 2008,null
Jeff Davis,RMPM-19,RMPM,Risk Management - Portfolio Management,RM,Fri Dec 09 16:36:57 MST 2005,null
Frank Orwell,RASX-3,RASX,Regulatory Affairs - SOX Governance,RA,Mon Jul 14 19:31:09 MDT 2014,null
Jodean Bell,ITAM-54,ITAM,Information Technology - Application Management,IT,Wed Nov 22 17:33:00 MST 2006,null
Ima Rose,INRC-13,INRC,Investments - Rates Coverage,IN,Thu Sep 28 21:22:10 MDT 2006,null
Basia Batista,HRBP-75,HRBP,Human Resources - HR Business Partners,HR,Sat Jan 29 08:08:36 MST 2011,null
Chris Fitzpatrick,PBMA-11,PBMA,Private Banking - Management & Admin,PB,Mon Feb 20 22:16:28 MST 2006,null
